id,processor_id,created_at,updated_at,hw_avail,test_sponsor,hw_model,basemean,peakmean,008_espresso,022_li,023_eqntott,026_compress,072_sc,085_gcc,link
1,830,"2014-11-17 00:02:45.765407","2014-11-17 00:02:45.765407",,Digital,"AlphaStation 200 4/100",68.6,74.6,59.7,59,100,38.4,169.7,45.2,"http://performance.netlib.org/performance/html/spec.dec24100.cint92.6_95.notes.html#{Digital Equipment Corporation AlphaStation 200 4/100 100MHz 21064}"
2,831,"2014-11-17 00:02:45.792211","2014-11-17 00:02:45.792211",,Digital,"DEC 3000 Model 300LX",63.1,68.4,69.2,56.4,107.8,32,123.4,37.8,"http://performance.netlib.org/performance/html/spec.dec300lx.cint92.6_94.notes.html#{Digital Equipment Corporation DEC 3000 Model 300LX 125MHz 21064}"
3,833,"2014-11-17 00:02:45.822164","2014-11-17 00:02:45.822164",,Digital,"AlphaStation 400 4/166",107.5,116.8,96.6,93.4,159.4,58.1,264.9,69.6,"http://performance.netlib.org/performance/html/spec.dec40466.cint92.6_95.notes.html#{Digital Equipment Corporation AlphaStation 400 4/166 166MHz 21064}"
4,833,"2014-11-17 00:02:45.848745","2014-11-17 00:02:45.848745",,Digital,"AlphaStation 200 4/166",100.1,116.2,100,89,154.9,55.6,202.2,65,"http://performance.netlib.org/performance/html/spec.dec4166.cint92.12_94.notes.html#{Digital Equipment Corporation AlphaStation 200 4/166 166MHz 21064}"
5,833,"2014-11-17 00:02:45.874343","2014-11-17 00:02:45.874343",,Digital,"AXPpci 33",69.4,76,67.6,44.3,148.6,42.8,149.5,39.1,"http://performance.netlib.org/performance/html/spec.decaxp66.cint92.6_95.notes.html#{Digital Equipment Corporation AXPpci 33 166MHz 21064}"
6,834,"2014-11-17 00:02:45.900375","2014-11-17 00:02:45.900375",,Digital,"DEC 3000 Model 300X",82,90.3,93,74.9,137.5,40.2,158.4,49.9,"http://performance.netlib.org/performance/html/spec.dec300x.cint92.6_94.notes.html#{Digital Equipment Corporation DEC 3000 Model 300X 175MHz 21064}"
7,835,"2014-11-17 00:02:45.925320","2014-11-17 00:02:45.925320",,Digital,"AlphaServer 2100 4/200",117.5,131.8,115.2,95.7,189.7,65.2,233.5,82.7,"http://performance.netlib.org/performance/html/spec.dec42003.cint92.12_94.notes.html#{Digital Equipment Corporation AlphaServer 2100 4/200 190MHz 21064}"
8,835,"2014-11-17 00:02:45.953759","2014-11-17 00:02:45.953759",,Digital,"Digital 2100 Server A500MP",118.9,126.7,115.8,98.3,189.7,68.6,237.2,80.6,"http://performance.netlib.org/performance/html/spec.dec21500.cint92.6_94.notes.html#{Digital Equipment Corporation Digital 2100 Server A500MP 190MHz 21064}"
9,835,"2014-11-17 00:02:45.981353","2014-11-17 00:02:45.981353",,Digital,"AlphaServer 2000 4/200",117.5,131.8,115.2,95.7,189.7,65.2,233.5,82.7,"http://performance.netlib.org/performance/html/spec.dec42002.cint92.12_94.notes.html#{Digital Equipment Corporation AlphaServer 2000 4/200 190MHz 21064}"
10,836,"2014-11-17 00:02:46.008207","2014-11-17 00:02:46.008207",,Digital,"AlphaServer 1000 4/200",123.3,135.8,117.6,92.4,215.7,71.2,248.9,84.7,"http://performance.netlib.org/performance/html/spec.dec42001.cint92.12_94.notes.html#{Digital Equipment Corporation AlphaServer 1000 4/200 200MHz 21064}"
11,836,"2014-11-17 00:02:46.038106","2014-11-17 00:02:46.038106",,Digital,"DEC 3000 Model 800",130.1,138.4,122,103.5,215.7,78,254.5,89.7,"http://performance.netlib.org/performance/html/spec.dec3-800.cint92.6_94.notes.html#{Digital Equipment Corporation DEC 3000 Model 800 200MHz 21064}"
12,837,"2014-11-17 00:02:46.151143","2014-11-17 00:02:46.151143",,Digital,"DEC 3000 Model 700",153.4,162.6,145.5,114.2,255.8,87.1,314.6,111.9,"http://performance.netlib.org/performance/html/spec.dec3-700.cint92.9_94.notes.html#{Digital Equipment Corporation DEC 3000 Model 700 225MHz 21064A}"
13,838,"2014-11-17 00:02:46.178234","2014-11-17 00:02:46.178234",,Digital,"Digital AlphaServer 400 4/233",141.8,161,143.7,110.5,207.5,71.2,362.4,95.6,"http://performance.netlib.org/performance/html/spec.d44233i.cint92.12_95.notes.html#{Digital Equipment Corporation Digital AlphaServer 400 4/233 233MHz 21064A}"
14,838,"2014-11-17 00:02:46.203494","2014-11-17 00:02:46.203494",,Digital,"AlphaStation 200 4/233",137.4,157.7,142.8,112.1,207.5,69.4,304,95.8,"http://performance.netlib.org/performance/html/spec.dec2233.cint92.12_94.notes.html#{Digital Equipment Corporation AlphaStation 200 4/233 233MHz 21064A}"
15,838,"2014-11-17 00:02:46.223298","2014-11-17 00:02:46.223298",,Digital,"AlphaStation 400 4/233",136.2,155.2,142.8,108.6,207.5,71.4,294.2,94.6,"http://performance.netlib.org/performance/html/spec.dec4233.cint92.12_94.notes.html#{Digital Equipment Corporation AlphaStation 400 4/233 233MHz 21064A}"
16,838,"2014-11-17 00:02:46.247415","2014-11-17 00:02:46.247415",,Digital,"AlphaServer 2100 4/233",163.7,177.3,151.3,122.5,239.1,89.4,411.8,117.9,"http://performance.netlib.org/performance/html/spec.dec21433.cint92.6_95.notes.html#{Digital Equipment Corporation AlphaServer 2100 4/233 233MHz 21064A}"
17,839,"2014-11-17 00:02:46.268854","2014-11-17 00:02:46.268854",,Digital,"Digital AlphaServer 1000 4/266",178.5,197.5,168.1,120.6,289.5,100,435.6,126.4,"http://performance.netlib.org/performance/html/spec.d14266i.cint92.12_95.notes.html#{Digital Equipment Corporation Digital AlphaServer 1000 4/266 266MHz 21064A}"
18,839,"2014-11-17 00:02:46.294564","2014-11-17 00:02:46.294564",,Digital,"AlphaStation 250 4/266",182.6,198.6,166.9,133,289.5,101.8,448.5,126.4,"http://performance.netlib.org/performance/html/spec.dec25466.cint92.6_95.notes.html#{Digital Equipment Corporation AlphaStation 250 4/266 266MHz 21064A}"
19,839,"2014-11-17 00:02:46.316310","2014-11-17 00:02:46.316310",,Digital,"Digital AlphaServer 1000A 4/266",178.5,197.5,168.1,120.6,289.5,100,435.6,126.4,"http://performance.netlib.org/performance/html/spec.I00286.cint92.4_96.notes.html#{Digital Equipment Corporation Digital AlphaServer 1000A 4/266 266MHz 21064A}"
20,840,"2014-11-17 00:02:46.339717","2014-11-17 00:02:46.339717",,Digital,"DEC 3000 Model 900",178.4,189.3,170.7,127.3,305.6,101.1,365.3,131.6,"http://performance.netlib.org/performance/html/spec.dec3-900.cint92.9_94.notes.html#{Digital Equipment Corporation DEC 3000 Model 900 275MHz 21064A}"
21,840,"2014-11-17 00:02:46.364247","2014-11-17 00:02:46.364247",,Digital,"AlphaPC 64",189.1,206.2,172,137.4,305.6,106.1,462.2,129.1,"http://performance.netlib.org/performance/html/spec.decpc64.cint92.9_95.notes.html#{Digital Equipment Corporation AlphaPC 64 275MHz 21064A}"
22,840,"2014-11-17 00:02:46.384802","2014-11-17 00:02:46.384802",,Digital,"DEC 7000 Model 710",180,193.8,172,131.8,305.6,103.4,356.7,133.2,"http://performance.netlib.org/performance/html/spec.dec7-710.cint92.9_94.notes.html#{Digital Equipment Corporation DEC 7000 Model 710 275MHz 21064A}"
23,840,"2014-11-17 00:02:46.407259","2014-11-17 00:02:46.407259",,Digital,"DEC 7000 Model 710",180,200.5,172,131.8,305.6,103.4,356.7,133.2,"http://performance.netlib.org/performance/html/spec.dec7710.cint92.12_94.notes.html#{Digital Equipment Corporation DEC 7000 Model 710 275MHz 21064A}"
24,840,"2014-11-17 00:02:46.431454","2014-11-17 00:02:46.431454",,Digital,"AlphaServer 2100 4/275",176.5,200.1,170.7,127.3,297.3,98.9,365.3,129.4,"http://performance.netlib.org/performance/html/spec.dec4275.cint92.12_94.notes.html#{Digital Equipment Corporation AlphaServer 2100 4/275 275MHz 21064A}"
25,840,"2014-11-17 00:02:46.456075","2014-11-17 00:02:46.456075",,Digital,"AlphaServer 2100 4/275",187.8,202.9,172,137.1,297.3,100.7,462.2,134.5,"http://performance.netlib.org/performance/html/spec.dec21475.cint92.6_95.notes.html#{Digital Equipment Corporation AlphaServer 2100 4/275 275MHz 21064A}"
26,842,"2014-11-17 00:02:46.479267","2014-11-17 00:02:46.479267",,Digital,"Digital AXPvme230",88.7,100.1,93,56.1,189.7,47.7,196.1,52.6,"http://performance.netlib.org/performance/html/spec.dvme230i.cint92.12_95.notes.html#{Digital Equipment Corporation Digital AXPvme230 231MHz 21066A}"
27,843,"2014-11-17 00:02:46.504208","2014-11-17 00:02:46.504208",,Digital,"Digital AXPpci33S",91.2,100.1,87,60.3,196.4,53.4,199.6,52.6,"http://performance.netlib.org/performance/html/spec.dpci33i.cint92.12_95.notes.html#{Digital Equipment Corporation Digital AXPpci33 233MHz 21066A}"
28,843,"2014-11-17 00:02:46.527204","2014-11-17 00:02:46.527204",,Digital,"Digital EB66+",96.4,104.8,91.9,62,207.5,57.9,208.8,56.2,"http://performance.netlib.org/performance/html/spec.deceb66.cint92.9_95.notes.html#{Digital Equipment Corporation Digital EB66+ 233MHz LCA45}"
29,844,"2014-11-17 00:02:46.551277","2014-11-17 00:02:46.551277",,Digital,"Digital AXPvme100",44.3,50.4,44.3,29,85.3,24.3,103,27.5,"http://performance.netlib.org/performance/html/spec.dvme100i.cint92.12_95.notes.html#{Digital Equipment Corporation Digital AXPvme100 99MHz 21066A}"
30,845,"2014-11-17 00:02:46.571528","2014-11-17 00:02:46.571528",,Digital,"AlphaServer 2100 5/250",244.8,277,216.2,221,354.8,133.2,545.8,174.4,"http://performance.netlib.org/performance/html/spec.dec21550.cint92.6_95.notes.html#{Digital Equipment Corporation AlphaServer 2100 5/250 250MHz 21164}"
31,846,"2014-11-17 00:02:46.593212","2014-11-17 00:02:46.593212",,Digital,"AlphaStation 600 5/266",257.1,289,222.5,224.2,366.7,141.3,580.8,192.3,"http://performance.netlib.org/performance/html/spec.dec5266.cint92.9_95.notes.html#{Digital Equipment Corporation AlphaStation 600 5/266 266MHz 21164}"
32,846,"2014-11-17 00:02:46.611722","2014-11-17 00:02:46.611722",,Digital,"AlphaStation 600 5/266",265.9,288.6,231.6,234.3,379.3,147.3,588.3,197.8,"http://performance.netlib.org/performance/html/spec.dec85266.cint92.3_95.notes.html#{Digital Equipment Corporation AlphaStation 600 5/266 266MHz 21164}"
33,846,"2014-11-17 00:02:46.631702","2014-11-17 00:02:46.631702",,Digital,"AlphaStation 600 5/266",277.7,329,236.5,242.6,478.3,140.6,566.3,210,"http://performance.netlib.org/performance/html/spec.I00245.cint92.4_96.notes.html#{Digital Equipment Corporation AlphaStation 600 5/266 266MHz 21164}"
34,847,"2014-11-17 00:02:46.651180","2014-11-17 00:02:46.651180",,Digital,"Digital AlphaServer 2100 5/300",283.6,319.3,249.5,249.4,392.9,151.4,656.5,214.1,"http://performance.netlib.org/performance/html/spec.d21530i.cint92.12_95.notes.html#{Digital Equipment Corporation Digital AlphaServer 2100 5/300 291MHz 21164}"
35,847,"2014-11-17 00:02:46.672856","2014-11-17 00:02:46.672856",,Digital,"Digital AlphaServer 2100A 5/300",283.6,319.3,249.5,249.4,392.9,151.4,656.5,214.1,"http://performance.netlib.org/performance/html/spec.I00259.cint92.4_96.notes.html#{Digital Equipment Corporation Digital AlphaServer 2100A 5/300 291MHz 21164}"
36,848,"2014-11-17 00:02:46.695170","2014-11-17 00:02:46.695170",,Digital,"AlphaServer 8200 5/300",314.4,341.4,264,265.4,440,175.3,742.6,240.5,"http://performance.netlib.org/performance/html/spec.dec82500.cint92.6_95.notes.html#{Digital Equipment Corporation AlphaServer 8200 5/300 300MHz 21164}"
37,848,"2014-11-17 00:02:46.716166","2014-11-17 00:02:46.716166",,Digital,"AlphaServer 8400 5/300",314.4,341.4,264,265.4,440,175.3,742.6,240.5,"http://performance.netlib.org/performance/html/spec.dec84500.cint92.6_95.notes.html#{Digital Equipment Corporation AlphaServer 8400 5/300 300MHz 21164}"
38,848,"2014-11-17 00:02:46.738355","2014-11-17 00:02:46.738355",,Digital,"AlphaStation 600 5/300",279.8,337.8,246.7,251.4,423.1,130.7,666.2,210,"http://performance.netlib.org/performance/html/spec.dec5300.cint92.9_95.notes.html#{Digital Equipment Corporation AlphaStation 600 5/300 300MHz 21164}"
39,849,"2014-11-17 00:02:46.762209","2014-11-17 00:02:46.762209",,Digital,"Digital EB164",329.2,365.2,287.3,287.5,478.3,173.1,781,238.4,"http://performance.netlib.org/performance/html/spec.deb164i.cint92.12_95.notes.html#{Digital Equipment Corporation Digital EB164 333 MHz 21164}"
40,849,"2014-11-17 00:02:46.784425","2014-11-17 00:02:46.784425",,Digital,"AlphaStation 600 5/333",341.7,412.4,294.8,305.9,578.9,178.7,696.9,244.8,"http://performance.netlib.org/performance/html/spec.I00249.cint92.4_96.notes.html#{Digital Equipment Corporation AlphaStation 600 5/333 333MHz 21164}"
41,850,"2014-11-17 00:02:46.811451","2014-11-17 00:02:46.811451",,Digital,"AlphaServer 8000 5/350",356.4,405.9,311,298.6,500,185.9,838.9,282.9,"http://performance.netlib.org/performance/html/spec.d8350i.cint92.12_95.notes.html#{Digital Equipment Corporation AlphaServer 8000 5/350 350MHz 21164}"
42,850,"2014-11-17 00:02:46.838402","2014-11-17 00:02:46.838402",,Digital,"AlphaServer 8200 5/350",372.2,432.8,315.3,321.8,611.1,192.4,767.8,290.4,"http://performance.netlib.org/performance/html/spec.I00244.cint92.4_96.notes.html#{Digital Equipment Corporation AlphaServer 8200 5/350 350MHz 21164}"
43,850,"2014-11-17 00:02:46.863706","2014-11-17 00:02:46.863706",,Digital,"AlphaServer 8400 5/350",372.2,432.8,315.3,321.8,611.1,192.4,767.8,290.4,"http://performance.netlib.org/performance/html/spec.I00295.cint92.4_96.notes.html#{Digital Equipment Corporation AlphaServer 8400 5/350 350MHz 21164}"
44,882,"2014-11-17 00:02:46.889261","2014-11-17 00:02:46.889261",,Sun,"SPARCstation/server 5/110",68.7,78.6,71.8,60.1,89.4,40.9,136,49,"http://performance.netlib.org/performance/html/spec.sun511_1.cint92.6_95.notes.html#{Sun Microsystems; Inc. SPARCstation/server 5/110 110MHz microSPARC-II}"
45,883,"2014-11-17 00:02:46.913640","2014-11-17 00:02:46.913640",,Sun,"SPARCstation Voyager",42.5,47.5,41.7,38.9,77.5,27.1,52.9,32.6,"http://performance.netlib.org/performance/html/spec.sun60mcr.cint92.6_94.notes.html#{Sun Microsystems Inc. SPARCstation Voyager 60MHz microSPARC II}"
46,883,"2014-11-17 00:02:46.943750","2014-11-17 00:02:46.943750",,PFU,S-4/Leia2,48.2,52,42.4,40.9,93.2,28.1,90.2,30.7,"http://performance.netlib.org/performance/html/spec.fujts460.cint92.6_95.notes.html#{Fujitsu Limited S-4/Leia2 60MHz microSPARC II}"
47,884,"2014-11-17 00:02:46.976370","2014-11-17 00:02:46.976370",,Sun,"SPARCstation/server 5",49.8,57,48.8,47.7,89.4,30.5,62.6,38.5,"http://performance.netlib.org/performance/html/spec.sun70mcr.cint92.6_94.notes.html#{Sun Microsystems Inc. SPARCstation/server 5 (70MHz) 70MHz microSPARC II}"
48,885,"2014-11-17 00:02:47.010031","2014-11-17 00:02:47.010031",,Sun,"SPARCstation/server 5",56.3,64.1,56.6,54,102.8,34.6,69.8,42,"http://performance.netlib.org/performance/html/spec.sun85mcr.cint92.6_94.notes.html#{Sun Microsystems Inc. SPARCstation/server 5 (85MHz) 85MHz microSPARC II}"
49,885,"2014-11-17 00:02:47.041395","2014-11-17 00:02:47.041395",,Sun,"SPARCstation/server 4/85",57.3,65.3,57.5,49.6,74.8,34.6,113.5,42.1,"http://performance.netlib.org/performance/html/spec.sun485_1.cint92.6_95.notes.html#{Sun Microsystems; Inc. SPARCstation/server 4/85 85MHz microSPARC-II}"
50,913,"2014-11-17 00:02:47.072918","2014-11-17 00:02:47.072918",,"HAL Computer Systems",330,160.8,181.4,130.5,146.5,343.8,58.8,338.1,132.5,"http://performance.netlib.org/performance/html/spec.hal320.cint92.12_95.notes.html#{HAL Computer Systems Fujitsu HALstation 330 100MHz SPARC64}"
51,914,"2014-11-17 00:02:47.101473","2014-11-17 00:02:47.101473",,"HAL Computer Systems",350,188.8,212.6,153.4,172.5,407.4,67.9,397.4,155.6,"http://performance.netlib.org/performance/html/spec.hal350.cint92.12_95.notes.html#{HAL Computer Systems Fujitsu HALstation 300 118MHz SPARC64}"
52,918,"2014-11-17 00:02:47.191615","2014-11-17 00:02:47.191615",,HP,720,51.6,64,46.3,46.3,91.7,36.3,67.1,39.6,"http://performance.netlib.org/performance/html/spec.I00121.cint92.4_96.notes.html#{Hewlett-Packard HP 9000 Series 700 Model 720 50 MHz PA-RISC 7000}"
53,919,"2014-11-17 00:02:47.321310","2014-11-17 00:02:47.321310",,Hitachi,540,88,89,94.6,89.5,98.2,69.1,111.9,72.1,"http://performance.netlib.org/performance/html/spec.h35-540.cint92.6_94.notes.html#{Hitachi; Ltd. Hitatchi 3500/540 100MHz PA-RISC 7100}"
54,919,"2014-11-17 00:02:47.344161","2014-11-17 00:02:47.344161",,Hitachi,550,94,95.4,94.2,89.6,108.9,82.9,117.4,77.1,"http://performance.netlib.org/performance/html/spec.h35-550.cint92.6_94.notes.html#{Hitachi; Ltd. Hitatchi 3500/550 100MHz PA-RISC 7100}"
55,919,"2014-11-17 00:02:47.366525","2014-11-17 00:02:47.366525",,Hitachi,550,108.8,123.8,95.4,90.3,164.2,85.8,158.9,86,"http://performance.netlib.org/performance/html/spec.ht350550.cint92.9_94.notes.html#{Hitachi Ltd.  Hitachi 3500/550 100MHz PA-RISC 7100}"
56,919,"2014-11-17 00:02:47.387864","2014-11-17 00:02:47.387864",,Hitachi,550,113,135.9,95.4,90.1,157.1,83.7,222.1,82.7,"http://performance.netlib.org/performance/html/spec.hitac550.cint92.9_95.notes.html#{Hitachi; Ltd. 3500/550 100MHz PA-RISC 7100}"
57,920,"2014-11-17 00:02:47.417166","2014-11-17 00:02:47.417166",,HP,735/125,129.3,157.7,121.4,125.5,203.7,81.2,170.9,108.3,"http://performance.netlib.org/performance/html/spec.7351i.cint92.12_95.notes.html#{Hewlett-Packard HP 9000 Series 700 Model 735/125 125 MHz PA-RISC 7100}"
58,921,"2014-11-17 00:02:47.447343","2014-11-17 00:02:47.447343",,Hitachi,510,40.3,40.9,44.8,43,46,29.1,50.5,32.8,"http://performance.netlib.org/performance/html/spec.h35-510.cint92.6_94.notes.html#{Hitachi; Ltd. Hitatchi 3500/510 50MHz PA-RISC 7100}"
59,921,"2014-11-17 00:02:47.472392","2014-11-17 00:02:47.472392",,Hitachi,"Model 220/320G",39.1,39.5,44.5,42.6,45.1,26.9,49.5,31.5,"http://performance.netlib.org/performance/html/spec.hit3050b.cint92.6_94.notes.html#{Hitachi; Ltd. 3050RX Model 220/320G 50MHz PA-RISC 7100}"
60,921,"2014-11-17 00:02:47.498423","2014-11-17 00:02:47.498423",,Hitachi,520,45.8,46.3,47.2,44.6,51.6,37.8,56.9,39.5,"http://performance.netlib.org/performance/html/spec.h35-520.cint92.6_94.notes.html#{Hitachi; Ltd. Hitatch3500/520 50MHz PA-RISC 7100}"
61,922,"2014-11-17 00:02:47.520451","2014-11-17 00:02:47.520451",,Hitachi,530,70.6,71.5,75.7,71.4,78.6,55.4,89.9,58.5,"http://performance.netlib.org/performance/html/spec.h35-530.cint92.6_94.notes.html#{Hitachi; Ltd. Hitatchi 3500/530 80MHz PA-RISC 7100}"
62,922,"2014-11-17 00:02:47.540993","2014-11-17 00:02:47.540993",,Hitachi,"Model 230/330G/330T",68.9,69,74.9,71.3,76.9,52.5,88.5,56.1,"http://performance.netlib.org/performance/html/spec.h3050.cint92.6_94.notes.html#{Hitachi; Ltd. 3050RX Model 230/330G/330T 80MHz PA-RISC 7100}"
63,923,"2014-11-17 00:02:47.565518","2014-11-17 00:02:47.565518",,"Hewlett Packard",T500,107.2,115.1,85.3,97.6,144.7,78.5,202.2,79.5,"http://performance.netlib.org/performance/html/spec.hp9t500.cint92.3_95.notes.html#{Hewlett Packard Company Hewlett Packard 9000 Model T500 90 MHz PA-RISC 7100}"
64,919,"2014-11-17 00:02:47.589913","2014-11-17 00:02:47.589913",,HP,735/99,104.6,126.8,95.8,99.4,169.2,69.6,137.3,85.2,"http://performance.netlib.org/performance/html/spec.7359i.cint92.12_95.notes.html#{Hewlett-Packard HP 9000 Series 700 Model 735/99 99 MHz PA-RISC 7100}"
65,925,"2014-11-17 00:02:47.611912","2014-11-17 00:02:47.611912",,Hewlett-Packard,E25,45.5,50.1,40.6,39.2,65.9,30.2,85.8,32.7,"http://performance.netlib.org/performance/html/spec.hpe25.cint92.12_94.notes.html#{Hewlett-Packard HP9000 Model E25 48MHZ PA-RISC 7100LC}"
66,924,"2014-11-17 00:02:47.636196","2014-11-17 00:02:47.636196",,HP,715/100,95.5,115,93.8,95.4,154.9,57.3,119.5,79.9,"http://performance.netlib.org/performance/html/spec.7151i.cint92.12_95.notes.html#{Hewlett-Packard HP 9000 Series 700 Model 715/100 100 MHz PA-RISC 7100LC}"
67,924,"2014-11-17 00:02:47.662828","2014-11-17 00:02:47.662828",,HP,715/100XC,126.9,132.2,95.8,133,180.3,84.2,239.7,90.1,"http://performance.netlib.org/performance/html/spec.715xi.cint92.12_95.notes.html#{Hewlett-Packard HP 9000 Series 700 Model 715/100XC 100 MHz PA-RISC 7100LC}"
68,924,"2014-11-17 00:02:47.683576","2014-11-17 00:02:47.683576",,Hewlett-Packard,715/100,89.7,99.6,91.9,91.5,117,59.7,113.5,78.3,"http://performance.netlib.org/performance/html/spec.hp715100.cint92.9_94.notes.html#{Hewlett-Packard HP 9000 Series 700 Model 715/100 100MHz PA-RISC 7100LC}"
69,924,"2014-11-17 00:02:47.705131","2014-11-17 00:02:47.705131",,Hewlett-Packard,715/100,100,109.6,92.7,94.1,129.4,60.6,186.4,78.2,"http://performance.netlib.org/performance/html/spec.hp715100.cint92.12_94.notes.html#{Hewlett-Packard HP 9000 Series 700 Model 715/100 100MHz PA-RISC 7100LC}"
70,924,"2014-11-17 00:02:47.724769","2014-11-17 00:02:47.724769",,Hitachi,545,106.7,128.7,93.8,81.1,157.1,76.1,206.8,78.3,"http://performance.netlib.org/performance/html/spec.hitac545.cint92.9_95.notes.html#{Hitachi; Ltd. 3500/545 100MHz PA-RISC 7100LC}"
71,926,"2014-11-17 00:02:47.748248","2014-11-17 00:02:47.748248",,HP,712/60,55.3,67.3,52.7,52.7,98.2,35.2,67.2,44.2,"http://performance.netlib.org/performance/html/spec.7126i.cint92.12_95.notes.html#{Hewlett-Packard HP 9000 Series 700 Model 712/60 60 MHz PA-RISC 7100LC}"
72,926,"2014-11-17 00:02:47.768150","2014-11-17 00:02:47.768150",,Hewlett-Packard,712/60,51.8,58.1,52.2,49.3,74.3,34.8,64.9,44.9,"http://performance.netlib.org/performance/html/spec.hp712-60.cint92.9_94.notes.html#{Hewlett-Packard HP 9000 Series 700 Model 712/60 60MHz PA-RISC 7100LC}"
73,926,"2014-11-17 00:02:47.787369","2014-11-17 00:02:47.787369",,Hewlett-Packard,712/60,58.4,64,52.7,50.3,84,36.8,108.6,44.7,"http://performance.netlib.org/performance/html/spec.hp71260.cint92.12_94.notes.html#{Hewlett-Packard HP 9000 Series 700 Model 712/60 60MHz PA-RISC 7100LC}"
74,926,"2014-11-17 00:02:47.807827","2014-11-17 00:02:47.807827",,Hitachi,225,55.1,65.2,55.2,47.1,85.9,36.1,74.4,46.8,"http://performance.netlib.org/performance/html/spec.ht305225.cint92.9_94.notes.html#{Hitachi Hitachi 3050RX/225 60MHz PA-RISC 7100LC}"
75,926,"2014-11-17 00:02:47.830924","2014-11-17 00:02:47.830924",,Hitachi,525,56.7,66.5,55.5,47.5,90.9,36.9,79.6,47.2,"http://performance.netlib.org/performance/html/spec.ht350525.cint92.9_94.notes.html#{Hitachi Ltd. Hitachi 3500/525 60MHz PA-RISC 7100LC}"
76,926,"2014-11-17 00:02:47.851395","2014-11-17 00:02:47.851395",,Hitachi,525,60.6,73,55.6,47.5,89.4,40,113,46.3,"http://performance.netlib.org/performance/html/spec.hitac525.cint92.9_95.notes.html#{Hitachi; Ltd. 3500/525 60MHz PA-RISC 7100LC}"
77,927,"2014-11-17 00:02:47.873006","2014-11-17 00:02:47.873006",,Hewlett-Packard,715/64,60.1,66.6,59.1,59.4,79.1,42.6,75,52.9,"http://performance.netlib.org/performance/html/spec.hp71564.cint92.9_94.notes.html#{Hewlett-Packard HP 9000 Series 700 Model 715/64 64MHz PA-RISC 7100LC}"
78,927,"2014-11-17 00:02:47.892828","2014-11-17 00:02:47.892828",,Hewlett-Packard,715/64,66.8,73.2,59.6,61,88.7,42.4,124.1,52.5,"http://performance.netlib.org/performance/html/spec.hp71564.cint92.12_94.notes.html#{Hewlett-Packard HP 9000 Series 700 Model 715/64 64MHz PA-RISC 7100LC}"
79,927,"2014-11-17 00:02:47.910302","2014-11-17 00:02:47.910302",,Hewlett-Packard,E35,66.1,73.1,58.8,58,92.4,44.4,125.5,47.6,"http://performance.netlib.org/performance/html/spec.hpe35.cint92.12_94.notes.html#{Hewlett-Packard HP9000 Model E35 64MHz PA-RISC 7100LC}"
80,929,"2014-11-17 00:02:47.929599","2014-11-17 00:02:47.929599",,HP,712/80,80.9,99,76.2,76.6,137.5,51.5,101.8,66.7,"http://performance.netlib.org/performance/html/spec.7128i.cint92.12_95.notes.html#{Hewlett-Packard HP 9000 Series 700 Model 712/80 80 MHz PA-RISC 7100LC}"
81,929,"2014-11-17 00:02:47.950030","2014-11-17 00:02:47.950030",,Hitachi,235,77.6,91.1,74.2,64.7,118.3,51.7,116.5,64,"http://performance.netlib.org/performance/html/spec.ht305235.cint92.9_94.notes.html#{Hitachi; Ltd. Hitachi 3050RX/235 80MHz PA-RISC 7100LC}"
82,929,"2014-11-17 00:02:47.969959","2014-11-17 00:02:47.969959",,Hitachi,535,78.1,91.1,74.7,64.7,120.9,52.5,117.1,63.2,"http://performance.netlib.org/performance/html/spec.ht350535.cint92.9_94.notes.html#{Hitachi Ltd. Hitachi 3500/535 80MHz PA-RISC 7100LC}"
83,929,"2014-11-17 00:02:47.994484","2014-11-17 00:02:47.994484",,Hitachi,535,82.4,100.3,74.9,64.6,120.9,54.5,158.4,61.9,"http://performance.netlib.org/performance/html/spec.hitac535.cint92.9_95.notes.html#{Hitachi; Ltd 3500/535 80MHz PA-RISC 7100LC}"
84,929,"2014-11-17 00:02:48.012736","2014-11-17 00:02:48.012736",,Hewlett-Packard,712/80,76.6,84.3,74.7,75.7,100.9,53.7,97,68,"http://performance.netlib.org/performance/html/spec.hp712-80.cint92.9_94.notes.html#{Hewlett-Packard HP 9000 Series 700 Model 712/80 80MHz PA-RISC 7100LC}"
85,929,"2014-11-17 00:02:48.036034","2014-11-17 00:02:48.036034",,Hewlett-Packard,712/80,85.2,93,75.4,78.7,115.8,53.2,156.2,67.1,"http://performance.netlib.org/performance/html/spec.hp71280.cint92.12_94.notes.html#{Hewlett-Packard HP 9000 Series 700 Model 712/80 80MHz PA-RISC 7100LC}"
86,929,"2014-11-17 00:02:48.059510","2014-11-17 00:02:48.059510",,Hewlett-Packard,E45,74.5,82.1,74.2,74.5,101.9,54.9,84,65.9,"http://performance.netlib.org/performance/html/spec.hpcae45.cint92.9_94.notes.html#{Hewlett-Packard HP 9000 Model E45 80MHz PA-RISC 7100LC}"
87,929,"2014-11-17 00:02:48.077315","2014-11-17 00:02:48.077315",,Hewlett-Packard,715/80,75,83.5,73.9,74,99.1,52.9,94,66.2,"http://performance.netlib.org/performance/html/spec.hp715-80.cint92.9_94.notes.html#{Hewlett-Packard HP 9000 Series 700 Model 715/80 80MHz PA-RISC 7100LC}"
88,929,"2014-11-17 00:02:48.096628","2014-11-17 00:02:48.096628",,Hewlett-Packard,715/80,85.2,93,75.4,78.7,115.8,53.2,156.2,67.1,"http://performance.netlib.org/performance/html/spec.hp71580.cint92.12_94.notes.html#{Hewlett-Packard HP 9000 Series 700 Model 715/80 80MHz PA-RISC 7100LC}"
89,929,"2014-11-17 00:02:48.121556","2014-11-17 00:02:48.121556",,Hewlett-Packard,E45,84.1,92.5,73.7,74.5,114.6,54.7,155.7,65.9,"http://performance.netlib.org/performance/html/spec.hpe45.cint92.12_94.notes.html#{Hewlett-Packard HP9000 Model E45 80MHz PA-RISC 7100LC}"
90,930,"2014-11-17 00:02:48.145875","2014-11-17 00:02:48.145875",,Hewlett-Packard,E55,96.1,108,89.7,92.5,129.4,78.5,111.9,83.6,"http://performance.netlib.org/performance/html/spec.hpcae55.cint92.9_94.notes.html#{Hewlett-Packard HP 9000 Model E55 96MHz PA-RISC 7100LC}"
91,930,"2014-11-17 00:02:48.215937","2014-11-17 00:02:48.215937",,Hewlett-Packard,E55,108.3,118.9,89,90.3,150.7,77.6,205.9,83.6,"http://performance.netlib.org/performance/html/spec.hpe55.cint92.12_94.notes.html#{Hewlett-Packard HP9000 Model E55 96MHz PA-RISC 7100LC}"
92,932,"2014-11-17 00:02:48.239767","2014-11-17 00:02:48.239767",,Hewlett-Packard,735/125,123.8,135.7,119.5,131.6,159.4,83.7,156.7,109.6,"http://performance.netlib.org/performance/html/spec.hp735125.cint92.9_94.notes.html#{Hewlett-Packard HP 9000 Series 700 Model 735/125 125MHz PA-RISC 7150}"
93,932,"2014-11-17 00:02:48.343097","2014-11-17 00:02:48.343097",,Hewlett-Packard,735/125,138.5,149.4,120.1,136.8,169.2,82.7,268,114.7,"http://performance.netlib.org/performance/html/spec.hp735125.cint92.12_94.notes.html#{Hewlett-Packard HP 9000 Series 700 Model 735/125 125MHz PA-RISC 7150}"
94,933,"2014-11-17 00:02:48.365324","2014-11-17 00:02:48.365324",,Hewlett-Packard,735/99,111.9,119.7,95,108.2,139.2,69.3,214.7,92.2,"http://performance.netlib.org/performance/html/spec.hp73599.cint92.12_94.notes.html#{Hewlett-Packard HP 9000 Series 700 Model 735/99 99MHz PA-RISC 7150}"
95,934,"2014-11-17 00:02:48.387736","2014-11-17 00:02:48.387736",,HP,J200,116.7,141.1,102.7,108.4,177.4,81.7,155.1,101.1,"http://performance.netlib.org/performance/html/spec.j200i.cint92.12_95.notes.html#{Hewlett-Packard HP 9000 Model J200 100 MHz PA-RISC 7200}"
96,934,"2014-11-17 00:02:48.405687","2014-11-17 00:02:48.405687",,Hewlett-Packard,K400,113.4,136.7,98.7,110.5,174.6,78.2,151,94.6,"http://performance.netlib.org/performance/html/spec.hp9k4_1.cint92.6_95.notes.html#{Hewlett-Packard Company HP9000 Model K400 100 MHz PA-RISC 7200}"
97,934,"2014-11-17 00:02:48.426451","2014-11-17 00:02:48.426451",,Hewlett-Packard,C100,117.3,141,102.7,108.9,177.4,81.7,159.5,100.6,"http://performance.netlib.org/performance/html/spec.c100i.cint92.12_95.notes.html#{Hewlett-Packard HP 9000 C100 100MHz PA-RISC 7200}"
98,934,"2014-11-17 00:02:48.445416","2014-11-17 00:02:48.445416",,Hitachi,540MP,108.2,127.9,98.3,94.5,134.1,69.8,213.7,86.5,"http://performance.netlib.org/performance/html/spec.hit540_1.cint92.9_95.notes.html#{Hitachi; Ltd. 3500/540MP 100MHz PA-RISC 7200}"
99,934,"2014-11-17 00:02:48.464453","2014-11-17 00:02:48.464453",,Hitachi,640MP,108.2,127.9,98.3,94.5,134.1,69.8,213.7,86.5,"http://performance.netlib.org/performance/html/spec.hit640_1.cint92.9_95.notes.html#{Hitachi; Ltd. 3500/640MP 100MHz PA-RISC 7200}"
100,935,"2014-11-17 00:02:48.481220","2014-11-17 00:02:48.481220",,HP,J210,140.3,169.6,123.4,130.7,211.5,98.6,186.4,121.9,"http://performance.netlib.org/performance/html/spec.j210i.cint92.12_95.notes.html#{Hewlett-Packard HP 9000 Model J210 120 MHz PA-RISC 7200}"
101,935,"2014-11-17 00:02:48.503665","2014-11-17 00:02:48.503665",,"Hewlett Packard",K410,139,167.4,122.7,132.7,211.5,94.9,189.5,116.4,"http://performance.netlib.org/performance/html/spec.hpk411in.cint92.12_95.notes.html#{Hewlett Packard Company Hewlett Packard 9000 Model K410 120 MHz PA-RISC 7200}"
102,935,"2014-11-17 00:02:48.521269","2014-11-17 00:02:48.521269",,HP,J210XC,151.3,183.9,122,130.7,250,116.9,198.7,129.4,"http://performance.netlib.org/performance/html/spec.I92HP1.cint92.7_96.notes.html#{Hewlett-Packard HP 9000 Model J210XC 120 MHz PA-RISC 7200}"
103,935,"2014-11-17 00:02:48.543301","2014-11-17 00:02:48.543301",,Hewlett-Packard,C110,140.6,170.2,123.4,132.7,215.7,97.2,189.5,119,"http://performance.netlib.org/performance/html/spec.c110i.cint92.12_95.notes.html#{Hewlett-Packard HP 9000 C110 120MHz PA-RISC 7200}"
104,959,"2014-11-17 00:02:48.569317","2014-11-17 00:02:48.569317",,IBM,"POWERstation 590",95.1,117,81.7,85.1,131,94.2,112.1,77,"http://performance.netlib.org/performance/html/spec.i6-590.cint92.6_94.notes.html#{IBM Corporation RISC System/6000 POWERstation 590 66.67MHz POWER2}"
105,962,"2014-11-17 00:02:48.587252","2014-11-17 00:02:48.587252",,IBM,"POWERserver 591",121.5,144,101.8,105.1,139.2,106.9,197.8,102.1,"http://performance.netlib.org/performance/html/spec.ibmps591.cint92.9_95.notes.html#{IBM Corporation RISC System/6000 POWERserver 591 77 MHz POWER2}"
106,993,"2014-11-17 00:02:48.605845","2014-11-17 00:02:48.605845",,IBM,"POWERstation 40P",62.1,76,60.2,59.3,80.9,38.6,96.8,53,"http://performance.netlib.org/performance/html/spec.ibm40p2.cint92.12_94.notes.html#{IBM Corporation POWERstation 40P 66 MHz PowerPC}"
107,993,"2014-11-17 00:02:48.622926","2014-11-17 00:02:48.622926",,IBM,"POWERstation 40P",62.1,76,60.2,59.3,80.9,38.6,96.8,53,"http://performance.netlib.org/performance/html/spec.ibm40p2.cint92.3_95.notes.html#{IBM Corporation POWERstation 40P 66 MHz PowerPC}"
108,993,"2014-11-17 00:02:48.642660","2014-11-17 00:02:48.642660",,IBM,"POWERstation 40P",52.4,64.2,55.4,53.4,71,29.4,84,40.2,"http://performance.netlib.org/performance/html/spec.ibm40p.cint92.12_94.notes.html#{IBM Corporation POWERstation 40P 66 MHz PowerPC}"
109,993,"2014-11-17 00:02:48.665331","2014-11-17 00:02:48.665331",,IBM,"POWERstation 40P",52.4,64.2,55.4,53.4,71,29.4,84,40.2,"http://performance.netlib.org/performance/html/spec.ibm40p.cint92.3_95.notes.html#{IBM Corporation POWERstation 40P 66 MHz PowerPC}"
110,993,"2014-11-17 00:02:48.686383","2014-11-17 00:02:48.686383",,IBM,"POWERstation 250",51.6,62.6,54,55.2,65.1,39.1,61.9,40.3,"http://performance.netlib.org/performance/html/spec.i6-250.cint92.6_94.notes.html#{IBM Corporation RISC System/6000 POWERstation 250 66.67 MHz PowerPC}"
111,994,"2014-11-17 00:02:48.705006","2014-11-17 00:02:48.705006",,BULL,M101,68.1,88.1,66.2,64.6,93.2,46.7,90.8,58.9,"http://performance.netlib.org/performance/html/spec.bullm101.cint92.9_95.notes.html#{BULL S.A. ESCALA 75MHz PowerPC 601}"
112,994,"2014-11-17 00:02:48.724876","2014-11-17 00:02:48.724876",,BULL,D201,63.6,75.8,55.5,65.3,87.3,51,72.6,56.3,"http://performance.netlib.org/performance/html/spec.bulesc75.cint92.12_94.notes.html#{BULL S.A.  ESCALA 75MHz PowerPC 601}"
113,994,"2014-11-17 00:02:48.746087","2014-11-17 00:02:48.746087",,BULL,D201,69.6,85,67.2,66.9,98.2,52.4,93.8,52.3,"http://performance.netlib.org/performance/html/spec.bullescl.cint92.6_95.notes.html#{BULL S.A. ESCALA 75MHz PowerPC 601}"
114,994,"2014-11-17 00:02:48.766145","2014-11-17 00:02:48.766145",,BULL,D201,72.5,93.8,67,65.9,97.3,53.5,97.6,64.7,"http://performance.netlib.org/performance/html/spec.bulld201.cint92.9_95.notes.html#{BULL S.A. ESCALA 75MHz PowerPC 601}"
115,997,"2014-11-17 00:02:48.790834","2014-11-17 00:02:48.790834",,Motorola,E603-66P,48,60.6,55.2,38.4,79.1,29.7,78.5,31.1,"http://performance.netlib.org/performance/html/spec.mo603662.cint92.3_95.notes.html#{Motorola; Inc. PowerStack 603 Series E 66MHz 603 Power PC}"
116,997,"2014-11-17 00:02:48.809832","2014-11-17 00:02:48.809832",,Motorola,E603-66P,50.7,63.7,56.3,39.9,84,32.5,82.7,33.7,"http://performance.netlib.org/performance/html/spec.mo60366p.cint92.3_95.notes.html#{Motorola; Inc. PowerStack 603 Series E 66MHz 603 Power PC}"
117,1002,"2014-11-17 00:02:48.830545","2014-11-17 00:02:48.830545",,IBM,"POWERstation 43P-100",104.2,128,110.7,95.8,134.1,63.5,188,75.3,"http://performance.netlib.org/performance/html/spec.ibm43p00.cint92.9_95.notes.html#{IBM Corporation RISC/6000 POWERstation 43P-100 100 MHz 604 }"
118,1002,"2014-11-17 00:02:48.853718","2014-11-17 00:02:48.853718",,Motorola,DT604-100,106.6,130.6,111.3,106.3,127.9,67.7,180.5,79.2,"http://performance.netlib.org/performance/html/spec.bl100604.cint92.12_95.notes.html#{BULL S.A. PowerStack RISC-PC 100MHz 604 PowerPC}"
119,1002,"2014-11-17 00:02:48.873720","2014-11-17 00:02:48.873720",,Motorola,DT604-100,106.6,130.6,111.3,106.3,127.9,67.7,180.5,79.2,"http://performance.netlib.org/performance/html/spec.motdt_1.cint92.12_95.notes.html#{Motorola; Inc. PowerStack RISC-PC 100MHz 604 PowerPC}"
120,1002,"2014-11-17 00:02:48.894280","2014-11-17 00:02:48.894280",,Motorola,E604-100,106.4,129.3,111.8,107.8,127.9,67.7,176.3,78.8,"http://performance.netlib.org/performance/html/spec.mote6_1.cint92.12_95.notes.html#{Motorola; Inc. PowerStack Series-E 100MHz 604 PowerPC}"
121,1004,"2014-11-17 00:02:48.913922","2014-11-17 00:02:48.913922",,IBM,"POWERstation 43P-120",127.1,158,138.4,121.5,164.2,72.9,226.5,92.4,"http://performance.netlib.org/performance/html/spec.ibm43p20.cint92.9_95.notes.html#{IBM Corporation RISC/6000 POWERstation 43P-120 120 MHz 604 }"
122,1004,"2014-11-17 00:02:48.939918","2014-11-17 00:02:48.939918",,IBM,"POWERstation 42W",122,150.2,133.5,115.9,157.1,73.5,213.7,86.5,"http://performance.netlib.org/performance/html/spec.ibm42w20.cint92.9_95.notes.html#{IBM Corporation RISC/6000 POWERstation 42W 120 MHz PowerPC 604}"
123,1004,"2014-11-17 00:02:48.969704","2014-11-17 00:02:48.969704",,IBM,"POWERstation/server C20",124.2,155.1,133.5,114.8,161.8,77.4,216.7,88.2,"http://performance.netlib.org/performance/html/spec.ibmc2021.cint92.9_95.notes.html#{IBM Corporation RISC/6000 POWERstation/server C20 120 MHz PowerPC 604}"
124,1004,"2014-11-17 00:02:49.002048","2014-11-17 00:02:49.002048",,IBM,"POWERstation/server C20",95.2,118.1,108.6,96.7,126.4,53.6,169.7,61.5,"http://performance.netlib.org/performance/html/spec.ibmc2020.cint92.9_95.notes.html#{IBM Corporation RISC/6000 POWERstation/server C20 120 MHz PowerPC 604}"
125,1005,"2014-11-17 00:02:49.028864","2014-11-17 00:02:49.028864",,IBM,"POWERstation 43P-133",146.8,176.7,158.7,135.6,189.7,87.7,258.9,107.9,"http://performance.netlib.org/performance/html/spec.ibm43p33.cint92.9_95.notes.html#{IBM Corporation RISC/6000 POWERstation 43P-133 133 Mhz 604 }"
126,1005,"2014-11-17 00:02:49.048681","2014-11-17 00:02:49.048681",,Motorola,"Estrella DT604-133",129.5,156.8,141.9,135.3,157.1,74.9,224.3,93.2,"http://performance.netlib.org/performance/html/spec.bull2.cint92.12_95.notes.html#{BULL S.A. Estrella  133MHz 604 PowerPC}"
127,1005,"2014-11-17 00:02:49.069137","2014-11-17 00:02:49.069137",,Motorola,DT604-133,129.5,156.8,141.9,135.3,157.1,74.9,224.3,93.2,"http://performance.netlib.org/performance/html/spec.motdt133.cint92.12_95.notes.html#{Motorola; Inc. PowerStack RISC-PC 133MHz 604 PowerPC}"
128,1041,"2014-11-17 00:02:49.105591","2014-11-17 00:02:49.105591",,Intel,"Micronics M4P PCI System",36.7,39.6,35.4,47.9,40.6,25.2,49.9,28.1,"http://performance.netlib.org/performance/html/spec.micm49b.cint92.6_94.notes.html#{Micronics M4P PCI System 66MHz Intel 80486DX2}"
129,1042,"2014-11-17 00:02:49.133851","2014-11-17 00:02:49.133851",,Intel,"Micronics M4P PCI System",50.2,54.6,52.8,69.5,50.7,31.6,70.2,38.9,"http://performance.netlib.org/performance/html/spec.micm49.cint92.6_94.notes.html#{Micronics M4P PCI System 100MHz IntelDX4 Processor}"
130,1165,"2014-11-17 00:02:49.228040","2014-11-17 00:02:49.228040",,SNI,"PCE-5S (100)",92.4,96.2,86.6,124.7,102.8,51,141.1,77.8,"http://performance.netlib.org/performance/html/spec.snpce5s.cint92.9_94.notes.html#{Siemens Nixdorf Informationssysteme PCE-5S (100) 100 MHz Pentium}"
131,1165,"2014-11-17 00:02:49.349823","2014-11-17 00:02:49.349823",,Intel,P5-100,129.5,138.5,90.1,115,305.6,66.9,316.8,70.5,"http://performance.netlib.org/performance/html/spec.gatei1.cint92.12_95.notes.html#{Gateway 2000 Gateway P5-100 100MHz Pentium Processor}"
132,1165,"2014-11-17 00:02:49.377628","2014-11-17 00:02:49.377628",,Compaq,"Proliant 2000",111.1,118.1,88,121.3,105.8,69.1,276.2,87.4,"http://performance.netlib.org/performance/html/spec.compro.cint92.3_95.notes.html#{COMPAQ Proliant 100MHz Pentium}"
133,1165,"2014-11-17 00:02:49.403273","2014-11-17 00:02:49.403273",,Intel,XPS,132.8,143.9,90.8,116.3,323.5,69.9,330.7,69.4,"http://performance.netlib.org/performance/html/spec.delli3.cint92.12_95.notes.html#{Dell Computer Corporation Dell Dimension XPS (100MHz; 512KB L2) 100MHz Pentium Processor}"
134,1165,"2014-11-17 00:02:49.424487","2014-11-17 00:02:49.424487",,Intel,"XXpress Deskside",138.3,150.8,92.7,119.2,333.3,73.3,348.5,74.3,"http://performance.netlib.org/performance/html/spec.inteli7.cint92.12_95.notes.html#{Intel Corporation XXpress Deskside (100MHz; 1MB L2) 100MHz Pentium Processor}"
135,1165,"2014-11-17 00:02:49.448856","2014-11-17 00:02:49.448856",,Intel,"Xbase 8TE8F BX",94.2,100,95,124.4,101.9,52.9,140.7,78.2,"http://performance.netlib.org/performance/html/spec.ipn815.cint92.6_94.notes.html#{Intel Corporation Xpress Deskside(Pentium-815\100) Pentium Processor 815\100}"
136,1165,"2014-11-17 00:02:49.471603","2014-11-17 00:02:49.471603",,Intel,"Xxpress Deskside",111.4,118.1,88.3,122.7,111.1,68.6,277.9,83.1,"http://performance.netlib.org/performance/html/spec.i815100.cint92.6_95.notes.html#{Intel Corporation Xxpress Deskside (815\100; 512KB L2) Pentium Processor 815\100}"
137,1165,"2014-11-17 00:02:49.496129","2014-11-17 00:02:49.496129",,Intel,"Xpress Desktop",106.2,112.7,87.6,121.8,101.9,60.6,269.6,80.8,"http://performance.netlib.org/performance/html/spec.i5cint92.cint92.12_94.notes.html#{Intel Corporation Xpress Desktop(Pentium-815\100) Pentium Processor 815\100}"
138,1165,"2014-11-17 00:02:49.517655","2014-11-17 00:02:49.517655",,Intel,"Xxpress Deskside",114.6,121.9,88.3,122.2,115.8,75.5,290.4,82.5,"http://performance.netlib.org/performance/html/spec.i8151002.cint92.6_95.notes.html#{Intel Corporation Xxpress Deskside (815\100; 1MB L2) Pentium Processor 815\100}"
139,1166,"2014-11-17 00:02:49.540307","2014-11-17 00:02:49.540307",,Intel,XPS,148.9,160.7,103.7,131.6,354.8,75.9,368.3,80.6,"http://performance.netlib.org/performance/html/spec.delli2.cint92.12_95.notes.html#{Dell Computer Corporation Dell Dimension XPS (120MHz; 512KB L2) 120MHz Pentium Processor}"
140,1166,"2014-11-17 00:02:49.562937","2014-11-17 00:02:49.562937",,Intel,"XXpress Deskside",157.3,172.2,107.1,137.7,379.3,81.5,404.5,82.1,"http://performance.netlib.org/performance/html/spec.inteli6.cint92.12_95.notes.html#{Intel Corporation XXpress Deskside (120MHz; 1MB L2) 120MHz Pentium Processor}"
141,1166,"2014-11-17 00:02:49.590245","2014-11-17 00:02:49.590245",,Intel,"Xxpress Deskside",125.6,133.7,102.7,133.8,126.4,74.5,321.3,94.6,"http://performance.netlib.org/performance/html/spec.i1000120.cint92.6_95.notes.html#{Intel Corporation Xxpress Deskside (1000\120; 512KB L2) Pentium Processor 1000\120}"
142,1166,"2014-11-17 00:02:49.613229","2014-11-17 00:02:49.613229",,Intel,"Xxpress Deskside",131.7,140,103.2,143.1,135.8,83.9,333.1,93.2,"http://performance.netlib.org/performance/html/spec.i1000122.cint92.6_95.notes.html#{Intel Corporation Xxpress Deskside (1000\120; 1MB L2) Pentium Processor 1000\120}"
143,1167,"2014-11-17 00:02:49.634971","2014-11-17 00:02:49.634971",,Intel,XPS,163.3,177.9,116.4,142.1,392.9,84.7,408.1,84.5,"http://performance.netlib.org/performance/html/spec.delli1.cint92.12_95.notes.html#{Dell Computer Corporation Dell Dimension XPS (133MHz; 512KB L2) 133MHz Pentium Processor}"
144,1167,"2014-11-17 00:02:49.658093","2014-11-17 00:02:49.658093",,Intel,"XXpress Deskside",175.9,190.9,119.5,153.3,423.1,90.8,444.1,94.8,"http://performance.netlib.org/performance/html/spec.inteli5.cint92.12_95.notes.html#{Intel Corporation Xxpress Deskside (133MHz; 1MB L2) 133MHz Pentium Processor}"
145,1172,"2014-11-17 00:02:49.684379","2014-11-17 00:02:49.684379",,SNI,"PCD-5T 60",63.9,65.9,51.5,74.1,66.7,36.5,164.1,44.8,"http://performance.netlib.org/performance/html/spec.sni5t60.cint92.12_94.notes.html#{Siemens Nixdorf Informationssysteme PCD-5T 60  60 MHz Pentium}"
146,1172,"2014-11-17 00:02:49.706372","2014-11-17 00:02:49.706372",,Intel,"Xbase 8TE8F BX",60.4,63.3,58.4,77.7,62.5,36,86.5,55,"http://performance.netlib.org/performance/html/spec.ipn60.cint92.6_94.notes.html#{Intel Corporation Xpress Deskside (Pentium-510\60) Pentium Processor 510\60}"
147,1172,"2014-11-17 00:02:49.735005","2014-11-17 00:02:49.735005",,Intel,"Xpress Desktop",66.9,70.4,54.6,76,63.6,40.5,164.7,50.8,"http://performance.netlib.org/performance/html/spec.i1cint92.cint92.12_94.notes.html#{Intel Corporation Xpress Desktop(Pentium-510\60) Pentium Processor 510\60}"
148,1173,"2014-11-17 00:02:49.754922","2014-11-17 00:02:49.754922",,Intel,"Xbase 8TE8F BX",67,70.2,64.9,86.1,69.2,39.8,96,61.1,"http://performance.netlib.org/performance/html/spec.ipn667.cint92.6_94.notes.html#{Intel Corporation Xpress Deskside(Pentium-567\66) Pentium Processor 567\66 }"
149,1173,"2014-11-17 00:02:49.783870","2014-11-17 00:02:49.783870",,Intel,"Xpress Desktop",74.6,78,60.9,85.1,70.1,44.9,184.9,57.2,"http://performance.netlib.org/performance/html/spec.i2cint92.cint92.12_94.notes.html#{Intel Corporation Xpress Desktop(Pentium-567\66) Pentium Processor 567\66}"
150,1174,"2014-11-17 00:02:49.808446","2014-11-17 00:02:49.808446",,Intel,"Xxpress Deskside",85,89.1,66.2,92,84,52.6,214.7,65.5,"http://performance.netlib.org/performance/html/spec.i61075.cint92.6_95.notes.html#{Intel Corporation Xxpress Deskside (610\75; 512KB L2) Pentium Processor 610\75}"
151,1174,"2014-11-17 00:02:49.829242","2014-11-17 00:02:49.829242",,Intel,"Xpress Desktop",79,83.8,65.4,91.3,75.3,45.3,194.4,61.1,"http://performance.netlib.org/performance/html/spec.i3cint92.cint92.12_94.notes.html#{Intel Corporation Xpress Desktop(Pentium-610\75) Pentium Processor 610\75}"
152,1175,"2014-11-17 00:02:49.857181","2014-11-17 00:02:49.857181",,SNI,"PCE-5S (90)",82.9,86.3,77.7,111.9,92.4,45.6,126.5,70,"http://performance.netlib.org/performance/html/spec.snpce_90.cint92.9_94.notes.html#{Siemens Nixdorf Informationssysteme PCE-5S (90) 90 MHz Pentium}"
153,1175,"2014-11-17 00:02:49.881912","2014-11-17 00:02:49.881912",,SNI,"PCD-5T 90",83,86,71.2,103,89.4,44,208.8,54.3,"http://performance.netlib.org/performance/html/spec.sni5t90.cint92.12_94.notes.html#{Siemens Nixdorf Informationssysteme  PCD-5T 90  90 MHz Pentium}"
154,1175,"2014-11-17 00:02:49.898963","2014-11-17 00:02:49.898963",,Intel,"Xbase 8TE8F BX",85.4,90.1,84.1,111.7,91.7,47.9,125.5,74.9,"http://performance.netlib.org/performance/html/spec.ipn73590.cint92.6_94.notes.html#{Intel Corporation Xpress Deskside(Pentium-735\90) Pentium Processor 735\90}"
155,1175,"2014-11-17 00:02:49.919981","2014-11-17 00:02:49.919981",,Intel,"Xtended Xpress",99.5,104.5,79.4,109.9,99.1,61.3,248.9,73.6,"http://performance.netlib.org/performance/html/spec.i73590.cint92.3_95.notes.html#{Intel Corporation XXpress Deskside (Pentium-735\90) Pentium Processor 735\90}"
156,1175,"2014-11-17 00:02:49.993690","2014-11-17 00:02:49.993690",,Intel,"Xxpress Deskside",101,106.5,79.4,110.1,99.1,61.6,253.1,78.7,"http://performance.netlib.org/performance/html/spec.i73590.cint92.6_95.notes.html#{Intel Corporation Xxpress Deskside (735\90; 512KB L2) Pentium Processor 735\90}"
157,1175,"2014-11-17 00:02:50.018798","2014-11-17 00:02:50.018798",,Intel,"Xpress Desktop",96.1,100.9,78.5,109.9,92.4,53.8,243.5,75.3,"http://performance.netlib.org/performance/html/spec.intel735.cint92.12_94.notes.html#{Intel Corporation Xpress Desktop(Pentium-735\90) Pentium Processor 735\90}"
158,1175,"2014-11-17 00:02:50.045569","2014-11-17 00:02:50.045569",,Intel,"Xxpress Deskside",104.3,110,79.4,110.3,104.8,68.2,263.4,78.3,"http://performance.netlib.org/performance/html/spec.i735902.cint92.6_95.notes.html#{Intel Corporation Xxpress Deskside (735\90; 1MB L2) Pentium Processor 735\90}"
159,1238,"2014-11-17 00:02:50.070556","2014-11-17 00:02:50.070556",,Intel,Alder,258.3,276.3,165.7,242.6,611.1,130.7,629.2,147.2,"http://performance.netlib.org/performance/html/spec.inteli3.cint92.12_95.notes.html#{Intel Corporation Alder System (150MHz; 256KB L2) 150MHz Pentium Pro Processor}"
160,1238,"2014-11-17 00:02:50.095063","2014-11-17 00:02:50.095063",,Intel,TDZ300,255.5,274.3,165.7,242.6,611.1,128.8,620.5,141.8,"http://performance.netlib.org/performance/html/spec.interi3.cint92.12_95.notes.html#{Intergraph Corporation TDZ300 (150MHz) 150MHz Pentium Pro Processor}"
161,1239,"2014-11-17 00:02:50.213317","2014-11-17 00:02:50.213317",,Intel,Alder,306.6,327.1,184.6,270,733.3,174.2,767.8,170.1,"http://performance.netlib.org/performance/html/spec.inteli4.cint92.12_95.notes.html#{Intel Corporation Alder System (166MHz; 512KB L2) 166MHz Pentium Pro Processor}"
162,1240,"2014-11-17 00:02:50.235306","2014-11-17 00:02:50.235306",,Intel,TDZ300,301.8,326,199.1,291.5,733.3,145,730.6,167.5,"http://performance.netlib.org/performance/html/spec.interi2.cint92.12_95.notes.html#{Intergraph Corporation TDZ300 (180MHz) 180MHz Pentium Pro Processor}"
163,1240,"2014-11-17 00:02:50.258177","2014-11-17 00:02:50.258177",,Intel,Alder,305.8,327.4,199.1,291.5,733.3,148.1,755,171.7,"http://performance.netlib.org/performance/html/spec.inteli2.cint92.12_95.notes.html#{Intel Corporation Alder System (180MHz; 256KB L2) 180MHz Pentium Pro Processor}"
164,1241,"2014-11-17 00:02:50.287475","2014-11-17 00:02:50.287475",,Intel,TDZ300,332.8,359.3,220.4,325.1,785.7,160.1,808.9,186.3,"http://performance.netlib.org/performance/html/spec.interi1.cint92.12_95.notes.html#{Intergraph Corporation TDZ300 (200MHz) 200MHz Pentium Pro Processor}"
165,1241,"2014-11-17 00:02:50.309136","2014-11-17 00:02:50.309136",,Intel,Alder,336.7,366,220.4,323.4,785.7,164.9,823.6,191.6,"http://performance.netlib.org/performance/html/spec.inteli1.cint92.12_95.notes.html#{Intel Corporation Alder System (200MHz; 256KB L2) 200MHz Pentium Pro Processor}"
166,1365,"2014-11-17 00:02:50.336874","2014-11-17 00:02:50.336874",,DDE,"Supermax 4/4001",61,67.5,81.1,93.9,73.3,34.3,55.4,48.4,"http://performance.netlib.org/performance/html/spec.dde4401c.cint92.6_94.notes.html#{Dansk Data Elektronik A/S Supermax 75/150Mhz R4400}"
167,1367,"2014-11-17 00:02:50.357610","2014-11-17 00:02:50.357610",,Pyramid,,139.1,152.1,111.3,136.5,171.9,89.1,286.7,108.5,"http://performance.netlib.org/performance/html/spec.pyrmid1.cint92.9_95.notes.html#{Pyramid Technology Corporation Reliant RM1000 100/200 MHz MIPS R4400}"
168,1367,"2014-11-17 00:02:50.386701","2014-11-17 00:02:50.386701",,Pyramid,,139.1,152.1,111.3,136.5,171.9,89.1,286.7,108.5,"http://performance.netlib.org/performance/html/spec.sni2.cint92.9_95.notes.html#{Siemens Nixdorf Informationssysteme Reliant RM1000 100/200 MHz MIPS R4400}"
169,1367,"2014-11-17 00:02:50.414267","2014-11-17 00:02:50.414267",,Pyramid,150,140,151.9,110.2,139.2,171.9,88.8,298,107.7,"http://performance.netlib.org/performance/html/spec.pyrmid3.cint92.9_95.notes.html#{Pyramid Technology Corporation NILE 100/200 MHz MIPS R4400}"
170,1367,"2014-11-17 00:02:50.434880","2014-11-17 00:02:50.434880",,Pyramid,"NILE 100",128.1,146,108.6,124.2,154.9,85.2,300,82.7,"http://performance.netlib.org/performance/html/spec.pyr100.cint92.12_94.notes.html#{Pyramid Technology Corporation NILE 100 100/200 MHz R4400}"
171,1362,"2014-11-17 00:02:50.457716","2014-11-17 00:02:50.457716",,SNI,RM600-320/340,131.9,140.6,106.6,132.7,159.4,73.9,304,104,"http://performance.netlib.org/performance/html/spec.sn6320.cint92.3_95.notes.html#{Siemens Nixdorf Informationssysteme RM600 Model 320/340 100/200MHz R4400MC}"
172,1362,"2014-11-17 00:02:50.480533","2014-11-17 00:02:50.480533",,SNI,RM400-630,133,140.7,106.6,132.7,157.1,75.5,314.6,105,"http://performance.netlib.org/performance/html/spec.sn4630.cint92.3_95.notes.html#{Siemens Nixdorf Informationssysteme RM400 Model 630 100/200MHz R4400MC}"
173,1362,"2014-11-17 00:02:50.499510","2014-11-17 00:02:50.499510",,SNI,RM400-730,131.9,141.7,105.6,129.9,157.1,75.5,308.2,104.8,"http://performance.netlib.org/performance/html/spec.sn4730.cint92.3_95.notes.html#{Siemens Nixdorf Informationssysteme RM400 Model 730 100/200MHz R4400MC}"
174,1362,"2014-11-17 00:02:50.521151","2014-11-17 00:02:50.521151",,SNI,RM600-320/340,132.1,143.7,106.1,131.8,159.4,73.7,314.6,102.8,"http://performance.netlib.org/performance/html/spec.sni632_1.cint92.6_95.notes.html#{Siemens Nixdorf Informationssysteme RM600 Model 320/340 100/200MHz R4400MC}"
175,1362,"2014-11-17 00:02:50.546421","2014-11-17 00:02:50.546421",,SNI,"Model C60",127.9,140.9,108.1,131.8,146.7,72.7,288.5,99.8,"http://performance.netlib.org/performance/html/spec.sni44c60.cint92.12_95.notes.html#{Siemens Nixdorf Informationssysteme RM 300 Model C60 200MHz R4400MC}"
176,1362,"2014-11-17 00:02:50.568832","2014-11-17 00:02:50.568832",,SNI,"Model C70",138.9,150.7,108.6,131.8,161.8,85,330.7,110.5,"http://performance.netlib.org/performance/html/spec.sni440_1.cint92.12_95.notes.html#{Siemens Nixdorf Informationssysteme RM 400 Model C70 200MHz R4400MC}"
177,1363,"2014-11-17 00:02:50.593682","2014-11-17 00:02:50.593682",,SNI,RM600-420,165.1,181.3,135.1,162.6,193,93,408.1,126.1,"http://performance.netlib.org/performance/html/spec.sni420_1.cint92.12_95.notes.html#{Siemens Nixdorf Informationssysteme RM600 Model 420 250MHz R4400MC}"
178,1364,"2014-11-17 00:02:50.617436","2014-11-17 00:02:50.617436",,SNI,RM400-220,58.6,61.8,55,70.6,74.3,34.1,78.9,52,"http://performance.netlib.org/performance/html/spec.sn400220.cint92.6_94.notes.html#{Siemens Nixdorf Informationssysteme RM400 Model 220 50/100MHz R4400SC}"
179,1364,"2014-11-17 00:02:50.644445","2014-11-17 00:02:50.644445",,SNI,RM400-220,63.7,68.2,55,70.6,74.3,34.1,130.9,52,"http://performance.netlib.org/performance/html/spec.sni4220.cint92.12_94.notes.html#{Siemens Nixdorf Informationssysteme RM400 Model 220 50/100MHz R4400SC}"
180,1364,"2014-11-17 00:02:50.672251","2014-11-17 00:02:50.672251",,SNI,RM400-330/340,61.5,64.3,55.2,71.2,80.3,39.9,85.5,50.2,"http://performance.netlib.org/performance/html/spec.sn400330.cint92.6_94.notes.html#{Siemens Nixdorf Informationssysteme RM400 Model 330/340 50/100MHz R4400SC}"
181,1364,"2014-11-17 00:02:50.700139","2014-11-17 00:02:50.700139",,SNI,RM400-330/340,67.7,71.4,55.2,71.2,80.3,39.9,152.5,50.2,"http://performance.netlib.org/performance/html/spec.sni4330.cint92.12_94.notes.html#{Siemens Nixdorf Informationssysteme RM400 Model 330/340 50/100MHz R4400SC}"
182,1365,"2014-11-17 00:02:50.726909","2014-11-17 00:02:50.726909",,SNI,RM400-420,79.2,83.4,78.8,102.1,101.9,45.8,108.6,60.5,"http://performance.netlib.org/performance/html/spec.sn400420.cint92.6_94.notes.html#{Siemens Nixdorf Informationssysteme RM400 Model 420 75/150MHz R4400SC}"
183,1365,"2014-11-17 00:02:50.751872","2014-11-17 00:02:50.751872",,SNI,RM400-420,87.1,92,78.8,102.1,101.9,45.8,191.9,60.5,"http://performance.netlib.org/performance/html/spec.sni4420.cint92.12_94.notes.html#{Siemens Nixdorf Informationssysteme RM400 Model 420 75/150MHz R4400SC}"
184,1365,"2014-11-17 00:02:50.775399","2014-11-17 00:02:50.775399",,SNI,RM400-430/440,85.1,90.7,76.2,102.5,111.1,54,116.5,69.5,"http://performance.netlib.org/performance/html/spec.sn400430.cint92.6_94.notes.html#{Siemens Nixdorf Informationssysteme RM400 Model 430/440 75/150MHz R4400SC}"
185,1365,"2014-11-17 00:02:50.797385","2014-11-17 00:02:50.797385",,SNI,RM400-430/440,94,100.4,76.2,102.5,111.1,54,211.7,69.5,"http://performance.netlib.org/performance/html/spec.sni4430.cint92.12_94.notes.html#{Siemens Nixdorf Informationssysteme RM400 Model 430/440 75/150MHz R4400SC}"
186,1365,"2014-11-17 00:02:50.819854","2014-11-17 00:02:50.819854",,DDE,"Supermax 4/4001",77.2,82.6,79.4,98.4,74.8,37.6,200.4,48.1,"http://performance.netlib.org/performance/html/spec.dan4400.cint92.12_94.notes.html#{Dansk Data Elektronik A/S Supermax 75/150MHz R4400SC}"
187,1365,"2014-11-17 00:02:50.852321","2014-11-17 00:02:50.852321",,SNI,RM400-530/540,92.1,97.5,80.8,102.8,120.9,63.2,127.2,75.3,"http://performance.netlib.org/performance/html/spec.sn40-530.cint92.6_94.notes.html#{Siemens Nixdorf Informationssysteme RM400 Model 530/540 75/150MHz R4400SC}"
188,1365,"2014-11-17 00:02:50.878901","2014-11-17 00:02:50.878901",,SNI,RM400-530/540,101.6,108.7,80.8,102.8,120.9,63.2,229.9,75.3,"http://performance.netlib.org/performance/html/spec.sni4530.cint92.12_94.notes.html#{Siemens Nixdorf Informationssysteme RM400 Model 530/540 75/150MHz R4400SC}"
189,1366,"2014-11-17 00:02:50.901387","2014-11-17 00:02:50.901387",,"Silicon Graphics","R4400 175MHz",81,84.9,76.7,105.8,85.9,41.5,179.8,54.3,"http://performance.netlib.org/performance/html/spec.sg44175.cint92.3_95.notes.html#{Silicon Graphics Indy 175MHz MIPS R4400SC}"
190,1367,"2014-11-17 00:02:50.929294","2014-11-17 00:02:50.929294",,SGI,None,110.1,119.5,107.1,126.2,114.6,81.2,139,101.9,"http://performance.netlib.org/performance/html/spec.sgiind1.cint92.12_94.notes.html#{Silicon Graphics Indigo2 Extreme 200MHz MIPS R4400SC}"
191,1367,"2014-11-17 00:02:50.951581","2014-11-17 00:02:50.951581",,"Silicon Graphics","R4400 200MHz",130.1,140.2,108.6,137.1,114.6,84.2,321.3,105.2,"http://performance.netlib.org/performance/html/spec.sg442001.cint92.3_95.notes.html#{Silicon Graphics Indigo2 200MHz MIPS R4400SC}"
192,1368,"2014-11-17 00:02:50.977912","2014-11-17 00:02:50.977912",,SNI,RM200-120/125,65.7,70,61.9,81.6,96.5,36.9,88,51,"http://performance.netlib.org/performance/html/spec.sn200120.cint92.9_94.notes.html#{Siemens Nixdorf Informationssysteme RM200 Model 120/125 50/100 MHz R4600}"
193,1368,"2014-11-17 00:02:51.005406","2014-11-17 00:02:51.005406",,SNI,RM200-120/125,71.5,76.3,61.9,81.6,96.5,36.9,145.7,51,"http://performance.netlib.org/performance/html/spec.sni200.cint92.12_94.notes.html#{Siemens Nixdorf Informationssysteme RM200 Model 120/125 50/100 MHz R4600}"
194,1369,"2014-11-17 00:02:51.036938","2014-11-17 00:02:51.036938",,SNI,"RM400-225; RM200-220/225",85.6,91.7,78,101.8,114.6,42.2,175.6,58.3,"http://performance.netlib.org/performance/html/spec.sn4225_1.cint92.3_95.notes.html#{Siemens Nixdorf Informationssysteme RM400-225; RM200-220/225 133MHz R4600}"
195,1369,"2014-11-17 00:02:51.061864","2014-11-17 00:02:51.061864",,SNI,"RM200-C20; RM300-C20",97.5,104.6,82.2,108.8,129.4,53,205.9,68,"http://performance.netlib.org/performance/html/spec.sni4600.cint92.12_95.notes.html#{Siemens Nixdorf Informationssysteme RM 200 and RM300 Model C20 133MHz R4600}"
196,1369,"2014-11-17 00:02:51.089000","2014-11-17 00:02:51.089000",,"Silicon Graphics","R4600PC 133MHz",81,84.9,76.7,105.8,85.9,41.5,179.8,54.3,"http://performance.netlib.org/performance/html/spec.sg461332.cint92.3_95.notes.html#{Silicon Graphics Indy 133MHz R4600PC}"
197,1371,"2014-11-17 00:02:51.114923","2014-11-17 00:02:51.114923",,"Silicon Graphics","R4600SC 133MHz",105.1,113.5,91.5,123.2,102.8,57.3,246.2,82.4,"http://performance.netlib.org/performance/html/spec.sg46133.cint92.3_95.notes.html#{Silicon Graphics Indigo2 133MHz R4600SC}"
198,1376,"2014-11-17 00:02:51.141165","2014-11-17 00:02:51.141165",,SGI,"POWER CHALLENGE",102.6,111.7,80.8,87.2,127.9,77.8,191.1,86.9,"http://performance.netlib.org/performance/html/spec.sgipc.cint92.9_94.notes.html#{Silicon Graphics Inc. POWER CHALLENGE 75 MHz R8000}"
199,1391,"2014-11-17 00:02:51.230155","2014-11-17 00:02:51.230155",,Sun,"SPARCstation 20 Model HS II",94.5,104.5,95,106.9,139.2,52.8,125.8,75.9,"http://performance.netlib.org/performance/html/spec.sunsparc.cint92.12_94.notes.html#{Sun Microsystems Inc. SPARCstation 20 Model HS II 100MHz Hyper SPARC}"
200,1391,"2014-11-17 00:02:51.252937","2014-11-17 00:02:51.252937",,PFU,"S-4/20L model 100",104.2,111.7,94.2,100,169.2,53.6,208.8,71.7,"http://performance.netlib.org/performance/html/spec.fujts400.cint92.6_95.notes.html#{Fujitsu Limited S-4/20L model 100 100MHz hyperSPARC}"
201,1392,"2014-11-17 00:02:51.399231","2014-11-17 00:02:51.399231",,PFU,"S-4/20H model 125",124.3,132.2,117.6,125.7,196.4,59.8,251.7,84.3,"http://performance.netlib.org/performance/html/spec.fujts425.cint92.6_95.notes.html#{Fujitsu Limited S-4/20H model 125 125MHz hyperSPARC}"
202,1392,"2014-11-17 00:02:51.432352","2014-11-17 00:02:51.432352",,Sun,"SPARCstation/server 20 Model HS21",122.4,131.2,118.8,135.9,159.4,59.6,242.2,90.5,"http://performance.netlib.org/performance/html/spec.sunh21_1.cint92.6_95.notes.html#{Sun Microsystems; Inc. SPARCstation/server 20 Model HS21 125MHz HyperSPARC}"
203,1393,"2014-11-17 00:02:51.459955","2014-11-17 00:02:51.459955",,PFU,"S-4/20H model 150",165.9,181.2,141.9,154.9,289.5,86.3,328.3,115.9,"http://performance.netlib.org/performance/html/spec.I00084.cint92.4_96.notes.html#{Fujitsu Limited S-4/20H model 150 150MHz hyperSPARC}"
204,1404,"2014-11-17 00:02:51.485204","2014-11-17 00:02:51.485204",,Sun,"SPARCstation/server 10 Model 51",64.2,0,62,61.6,100.9,41,92.3,47.9,"http://performance.netlib.org/performance/html/spec.sun1051.cint92.6_94.notes.html#{Sun Microsystems Inc. SPARCstation/server 10 Model 51 50MHz SuperSPARC}"
205,1404,"2014-11-17 00:02:51.512874","2014-11-17 00:02:51.512874",,Sun,"SPARCstation/server 20 Model 51",68.4,73.7,62.7,75.3,101.9,41.5,88.5,58.1,"http://performance.netlib.org/performance/html/spec.sun2051.cint92.6_94.notes.html#{Sun Microsystems Inc. SPARCstation/server 20 Model 51 50MHz SuperSPARC}"
206,1404,"2014-11-17 00:02:51.538047","2014-11-17 00:02:51.538047",,Sun,"SPARCstation/server 20 Model 50",61.7,0,60.2,59.8,97.3,37.8,87.8,47.2,"http://performance.netlib.org/performance/html/spec.suns2050.cint92.6_94.notes.html#{Sun Microsystems Inc. SPARCstation/server 20 Model 50 50MHz SuperSPARC}"
207,1404,"2014-11-17 00:02:51.563675","2014-11-17 00:02:51.563675",,Sun,"SPARCstation/server 20 Model 50",65.4,69.2,60.2,72.7,98.2,37.9,84.7,56.7,"http://performance.netlib.org/performance/html/spec.sun50sup.cint92.6_94.notes.html#{Sun Microsystems Inc. SPARCstation/server 20 Model 50 50MHz SuperSPARC}"
208,1405,"2014-11-17 00:02:51.583046","2014-11-17 00:02:51.583046",,Sun,"SPARCstation/server 20 Model 61",76.7,0,74.4,73.8,119.6,49.5,108.4,57.6,"http://performance.netlib.org/performance/html/spec.sun2061b.cint92.6_94.notes.html#{Sun Microsystems Inc. SPARCstation/server 20 Model 61 60MHz SuperSPARC}"
209,1405,"2014-11-17 00:02:51.615294","2014-11-17 00:02:51.615294",,Sun,"SPARCstation/server 20 Model 61",82.3,88.9,74.7,90,122.2,50,108.4,69.8,"http://performance.netlib.org/performance/html/spec.suns2061.cint92.6_94.notes.html#{Sun Microsystems Inc. SPARCstation/server 20 Model 61 60MHz SuperSPARC}"
210,1406,"2014-11-17 00:02:51.633821","2014-11-17 00:02:51.633821",,Sun,"SPARCstation/server 20 Model 71",116.4,125.8,95.4,116.5,159.4,70.1,229.9,87.1,"http://performance.netlib.org/performance/html/spec.sun271_1.cint92.3_95.notes.html#{Sun Microsystems; Inc. SPARCstation/server 20 Model 71 75MHz SuperSPARC II}"
211,1406,"2014-11-17 00:02:51.672842","2014-11-17 00:02:51.672842",,Sun,"SPARCstation/server 20 Model 71",118.7,124.2,99.1,109.1,171.9,74.3,227.6,89.1,"http://performance.netlib.org/performance/html/spec.sun2.cint92.9_95.notes.html#{Sun Microsystems Inc. SPARCstation/server 20 Model 71 75MHz SuperSPARC II}"
