architecture,Launch,Code name(s),Process,Transistors (billion),node,Core config,Bus Interface,L2 Cache (MB),Clock speeds Basecoreclock(MHz),Clock speeds Boostcoreclock(MHz),Clock speeds Memory(MT/s),Memory Size(GB),Memory Bandwidth(GB/s),Memory Type,Memory Buswidth(bit),Fillrate Pixel(GP/s),Fillrate Texture(GT/s),processing power (GFLOPS)_single_precision,processing power (GFLOPS)_double_precision,processing power (GFLOPS)_half_precision,processing power (TFLOPS) Tensor compute (FP16),Ray tracing Performance Rays/s(Billions),Ray-tracing Performance RTX OPS/s (Trillions),tdp,Features,hw_model,Chips,Thread processors(total),memory_bus,memory_size,clock,shaders_cuda_cores,shaders_clock,shaders_max_clock,memory_bus_width,memory_clock,memory_bandwidth,processing power (GFLOPS)_half_precision_tensor,cuda_compute_capability,"Notes, form factor Unnamed: 18_level_2",model,codes,codes2
Maxwell,2017-11-17,GM108(N16V-GMR1-A1),TSMC28 nm,?,?,256:16:8:3,PCIe 3.0×4,1.0,965,993,1800(DDR3)5000(GDDR5),2.0,14.4(DDR3)40.1(GDDR5),DDR3GDDR5,64.0,(7.944),(15.89),(508.4),(15.89),—,—,—,—,30,Yes,0,0,0,0,0,0,0,0,0,0,0,0,0,0,0,GeForce MX110,GM108,['N16V-GMR1-A1']
Maxwell,2017-11-17,GM108(N16S-GTR-A1),TSMC28 nm,?,?,384:24:8:3,PCIe 3.0×4,1.0,1122,1242,1800(DDR3)5000(GDDR5),2.0,14.4(DDR3)40.1(GDDR5),DDR3GDDR5,64.0,(9.936),(29.81),861.7(953.9),26.93(29.81),—,—,—,—,30,Yes,0,0,0,0,0,0,0,0,0,0,0,0,0,0,0,GeForce MX130,GM108,['N16S-GTR-A1']
Pascal,2017-05-17,GP108(N17S-LG-A1),Samsung14 nm,1.8,74,384:24:16:3,PCIe 3.0×4,0.5,937,1038,5000,24.0,40,GDDR5,64.0,(14.99),(22.49),719.6(797.2),22.49(24.91),11.24(12.45),—,—,—,10,Yes,0,0,0,0,0,0,0,0,0,0,0,0,0,0,0,GeForce MX150,GP108,['N17S-LG-A1']
Pascal,2017-05-17,GP108-650-A1(N17S-G1-A1),Samsung14 nm,1.8,74,384:24:16:3,PCIe 3.0×4,0.5,1468,1532,6000,24.0,48,GDDR5,64.0,(23.49),(35.23),1127(1177),35.23(36.77),17.62(18.38),—,—,—,25,Yes,0,0,0,0,0,0,0,0,0,0,0,0,0,0,0,GeForce MX150,GP108-650-A1,['N17S-G1-A1']
Pascal,2019-02-20,GP108(N17S-G0-A1),Samsung14 nm,1.8,74,256:16:16:2,PCIe 3.0×4,0.5,1519,1531,7000,24.0,56,GDDR5,64.0,(25.31),(25.31),(810.0),(25.31),(12.66),—,—,—,10,Yes,0,0,0,0,0,0,0,0,0,0,0,0,0,0,0,GeForce MX230,GP108,['N17S-G0-A1']
Pascal,2019-02-20,GP108(N17S-LG-A1),Samsung14 nm,1.8,74,384:24:16:3,PCIe 3.0×4,0.5,937,1038,7000,24.0,48,GDDR5,64.0,(16.61),(24.91),(797.2),(24.91),(12.46),—,—,—,10,Yes,0,0,0,0,0,0,0,0,0,0,0,0,0,0,0,GeForce MX250,GP108,['N17S-LG-A1']
Pascal,2019-02-20,GP108(N17S-G2-A1),Samsung14 nm,1.8,74,384:24:16:3,PCIe 3.0×4,0.5,1518,1582,7000,24.0,56,GDDR5,64.0,(24.3),(36.4),(1166),(37.97),(18.98),—,—,—,25,Yes,0,0,0,0,0,0,0,0,0,0,0,0,0,0,0,GeForce MX250,GP108,['N17S-G2-A1']
Pascal,2020-02-12,GP108-655-A1(N17S-LP-A1)(N17S-G3-A1),Samsung14 nm,1.8,74,384:24:16:3,PCIe 3.0×4,0.5,746(LP)1531,936(LP)1594,7000,24.0,56,GDDR5,64.0,(25.50),(38.26),(1224),(38.26),(19.13),—,—,—,10-30,Yes,0,0,0,0,0,0,0,0,0,0,0,0,0,0,0,GeForce MX330,GP108-655-A1,"['N17S-LP-A1', 'N17S-G3-A1']"
Pascal,2020-02-12,GP107-670-A1(N17S-LP-A1)(N17S-G5-A1),Samsung14 nm,3.3,132,640:32:16:5,PCIe 3.0×4,0.5,747(LP)1354,937(LP)1468,7000,24.0,56,GDDR5,64.0,(23.49),(46.98),(1879),(58.72),(29.36),—,—,—,15-25,Yes,0,0,0,0,0,0,0,0,0,0,0,0,0,0,0,GeForce MX350,GP107-670-A1,"['N17S-LP-A1', 'N17S-G5-A1']"
Turing,2020-08-01,TU117(N18S-LP-A1)(N18S-G5-A1),TSMC12FFN,4.7,200,896:56:32:14,PCIe 4.0×4,1.0,720(LP)1395,930(LP)1575,7000,2.0,56,GDDR5,64.0,23.04(50.40),40.32(88.20),1290(2822),40.32(88.20),2581(5645),—,—,—,10-30,Yes,0,0,0,0,0,0,0,0,0,0,0,0,0,0,0,GeForce MX450,TU117,"['N18S-LP-A1', 'N18S-G5-A1']"
Turing,2020-08-01,TU117(N18S-LP-A1)(N18S-G5-A1),TSMC12FFN,4.7,200,896:56:32:14,PCIe 4.0×4,1.0,720(LP)1395,930(LP)1575,10000,2.0,80,GDDR6,64.0,23.04(50.40),40.32(88.20),1290(2822),40.32(88.20),2581(5645),—,—,—,10-30,Yes,0,0,0,0,0,0,0,0,0,0,0,0,0,0,0,GeForce MX450,TU117,"['N18S-LP-A1', 'N18S-G5-A1']"
Turing,2022-03-01,TU117-670-A1(GN18-S5-A1),TSMC12FFN,4.7,200,1024:32:16:8,PCIe 4.0×4,2.0,1065,1320,12000,24.0,96,GDDR6,64.0,(21.12),(42.24),(2703),(42.24),(2703),—,—,—,15-25,Yes,0,0,0,0,0,0,0,0,0,0,0,0,0,0,0,GeForce MX550,TU117-670-A1,['GN18-S5-A1']
Ampere,2022-03-01,GA107(GN20-S5-A1),Samsung8N,8.7,200,204864:40:16:16:64,PCIe 4.0×4,2.0,1087,1155,12000,24.0,96,GDDR6,64.0,(46.20),(73.92),(4731),(73.92),(4731),0,0,0,15-45,Yes,0,0,0,0,0,0,0,0,0,0,0,0,0,0,0,GeForce MX570,GA107,['GN20-S5-A1']
Kepler,1995-01-01,0,0,0,0,0,PCIe 3.0 x16,0.0,0,0,0,0.0,0,0,0.0,0,0,0,0,0,0,0,0,130,Yes,GRID K1,4x GK107,4x 192,DDR3,4x 4 GB,0,0,0,0,0,0,0,0,0,0,0,GK107,['GK107']
Kepler,1995-01-01,0,0,0,0,0,PCIe 3.0 x16,0.0,0,0,0,0.0,0,0,0.0,0,0,0,0,0,0,0,0,225,Yes,GRID K2,2x GK104-895,2x 1536,GDDR5,2x 4 GB,0,0,0,0,0,0,0,0,0,0,0,GK104-895,['GK104-895']
Kepler,1995-01-01,0,0,0,0,0,PCIe 3.0 x16,0.0,0,0,0,0.0,0,0,0.0,0,0,0,0,0,0,0,0,225,Yes,GRID K340,4x GK107,4x 384,GDDR5,4x 1 GB,0,0,0,0,0,0,0,0,0,0,0,GK107,['GK107']
Kepler,1995-01-01,0,0,0,0,0,PCIe 3.0 x16,0.0,0,0,0,0.0,0,0,0.0,0,0,0,0,0,0,0,0,225,Yes,GRID K520,2x GK104,2x 1536,GDDR5,2x 4 GB,0,0,0,0,0,0,0,0,0,0,0,GK104,['GK104']
Tesla,2007-05-02,0,0,0,0,0,0,0.0,0,0,0,0.0,0,0,0.0,0,0,345.6,No,0,0,0,0,170.9,Yes,C870 GPU Computing Module,1× G80,0,GDDR3,1.5,600,128,1350,—,384,1600,76.8,No,1.0,"Internal PCIe GPU (full-height, dual-slot)",0,G80,['G80']
Tesla,2007-05-02,0,0,0,0,0,0,0.0,0,0,0,0.0,0,0,0.0,0,0,691.2,No,0,0,0,0,520,Yes,D870 Deskside Computer,2× G80,0,GDDR3,2× 1.5,600,256,1350,—,2× 384,1600,2× 76.8,No,1.0,Deskside or 3U rack-mount external GPUs,0,G80,['G80']
Tesla,2007-05-02,0,0,0,0,0,0,0.0,0,0,0,0.0,0,0,0.0,0,0,1382.4,No,0,0,0,0,0,Yes,S870 GPU Computing Server,4× G80,0,GDDR3,4× 1.5,600,512,1350,—,4× 384,1600,4× 76.8,No,1.0,"1U rack-mount external GPUs, connect via 2× PCIe (×16)",0,G80,['G80']
Tesla,2009-04-09,0,0,0,0,0,0,0.0,0,0,0,0.0,0,0,0.0,0,0,622.08,77.76,0,0,0,0,187.8,Yes,C1060 GPU Computing Module,1× GT200,0,GDDR3,4,602,240,"1,296",—,512,1600,102.4,No,1.3,"Internal PCIe GPU (full-height, dual-slot)",0,GT200,['GT200']
Tesla,2008-06-01,0,0,0,0,0,0,0.0,0,0,0,0.0,0,0,0.0,0,0,2488.3,311.0,0,0,0,0,800,Yes,"S1070 GPU Computing Server ""400 configuration""",4× GT200,0,GDDR3,4× 4,602,960,1296,—,4× 512,1538.4,4× 98.5,No,1.3,"1U rack-mount external GPUs, connect via 2× PCIe (×8 or ×16)",0,GT200,['GT200']
Tesla,1995-01-01,0,0,0,0,0,0,0.0,0,0,0,0.0,0,0,0.0,0,0,2764.8,345.6,0,0,0,0,800,Yes,"S1070 GPU Computing Server ""500 configuration""",4× GT200,0,GDDR3,4× 4,602,960,1440,—,4× 512,1538.4,4× 98.5,No,1.3,"1U rack-mount external GPUs, connect via 2× PCIe (×8 or ×16)",0,GT200,['GT200']
Tesla,2008-06-01,0,0,0,0,0,0,0.0,0,0,0,0.0,0,0,0.0,0,0,2764.8,345.6,0,0,0,0,0,Yes,S1075 GPU Computing Server,4× GT200,0,GDDR3,4× 4,602,960,1440,—,4× 512,1538.4,4× 98.5,No,1.3,"1U rack-mount external GPUs, connect via 1× PCIe (×8 or ×16)",0,GT200,['GT200']
Tesla,2008-07-25,0,0,0,0,0,0,0.0,0,0,0,0.0,0,0,0.0,0,0,1244.2,155.5,0,0,0,0,0,Yes,Quadro Plex 2200 D2 Visual Computing System,2× GT200GL,0,GDDR3,2× 4,648,480,1296,—,2× 512,1600,2× 102.4,No,1.3,Deskside or 3U rack-mount external GPUs with 4 dual-link DVI outputs,0,GT200GL,['GT200GL']
Tesla,2008-07-25,0,0,0,0,0,0,0.0,0,0,0,0.0,0,0,0.0,0,0,2488.3,311.0,0,0,0,0,1200,Yes,Quadro Plex 2200 S4 Visual Computing System,4× GT200GL,0,GDDR3,4× 4,648,960,1296,—,4× 512,1600,4× 102.4,No,1.3,"1U rack-mount external GPUs, connect via 2× PCIe (×8 or ×16)",0,GT200GL,['GT200GL']
Fermi,2011-07-25,0,0,0,0,0,0,0.0,0,0,0,0.0,0,0,0.0,0,0,1030.4,515.2,0,0,0,0,247,Yes,C2050 GPU Computing Module,1× GF100,0,GDDR5,3,575,448,1150,—,384,3000,144,No,2.0,"Internal PCIe GPU (full-height, dual-slot)",0,GF100,['GF100']
Fermi,2011-07-25,0,0,0,0,0,0,0.0,0,0,0,0.0,0,0,0.0,0,0,1030.4,515.2,0,0,0,0,225,Yes,M2050 GPU Computing Module,1× GF100,0,GDDR5,3,575,448,1150,—,384,3092,148.4,No,2.0,"Internal PCIe GPU (full-height, dual-slot)",0,GF100,['GF100']
Fermi,2011-07-25,0,0,0,0,0,0,0.0,0,0,0,0.0,0,0,0.0,0,0,1030.4,515.2,0,0,0,0,247,Yes,C2070 GPU Computing Module,1× GF100,0,GDDR5,6,575,448,1150,—,384,3000,144,No,2.0,"Internal PCIe GPU (full-height, dual-slot)",0,GF100,['GF100']
Fermi,2011-07-25,0,0,0,0,0,0,0.0,0,0,0,0.0,0,0,0.0,0,0,1030.4,515.2,0,0,0,0,225,Yes,C2075 GPU Computing Module,1× GF100,0,GDDR5,6,575,448,1150,—,384,3000,144,No,2.0,"Internal PCIe GPU (full-height, dual-slot)",0,GF100,['GF100']
Fermi,2011-07-25,0,0,0,0,0,0,0.0,0,0,0,0.0,0,0,0.0,0,0,1030.4,515.2,0,0,0,0,225,Yes,M2070/M2070Q GPU Computing Module,1× GF100,0,GDDR5,6,575,448,1150,—,384,3132,150.336,No,2.0,"Internal PCIe GPU (full-height, dual-slot)",0,GF100,['GF100']
Fermi,2011-07-25,0,0,0,0,0,0,0.0,0,0,0,0.0,0,0,0.0,0,0,1331.2,665.6,0,0,0,0,225,Yes,M2090 GPU Computing Module,1× GF110,0,GDDR5,6,650,512,1300,—,384,3700,177.6,No,2.0,"Internal PCIe GPU (full-height, dual-slot)",0,GF110,['GF110']
Fermi,2011-07-25,0,0,0,0,0,0,0.0,0,0,0,0.0,0,0,0.0,0,0,4121.6,2060.8,0,0,0,0,900,Yes,S2050 GPU Computing Server,4× GF100,0,GDDR5,4× 3,575,1792,1150,—,4× 384,3,4× 148.4,No,2.0,"1U rack-mount external GPUs, connect via 2× PCIe (×8 or ×16)",0,GF100,['GF100']
Fermi,1995-01-01,0,0,0,0,0,0,0.0,0,0,0,0.0,0,0,0.0,0,0,4121.6,2060.8,0,0,0,0,900,Yes,S2070 GPU Computing Server,4× GF100,0,GDDR5,4× 6,575,1792,1150,—,4× 384,3,4× 148.4,No,2.0,"1U rack-mount external GPUs, connect via 2× PCIe (×8 or ×16)",0,GF100,['GF100']
Kepler,2012-05-01,0,0,0,0,0,0,0.0,0,0,0,0.0,0,0,0.0,0,0,4577,190.7,0,0,0,0,225,Yes,K10 GPU accelerator,2× GK104,0,GDDR5,2× 4,—,3072,745,?,2× 256,5000,2× 160,No,3.0,"Internal PCIe GPU (full-height, dual-slot)",0,GK104,['GK104']
Kepler,2012-11-12,0,0,0,0,0,0,0.0,0,0,0,0.0,0,0,0.0,0,0,3524,1175,0,0,0,0,225,Yes,K20 GPU accelerator,1× GK110,0,GDDR5,5,—,2496,706,758,320,5200,208,No,3.5,"Internal PCIe GPU (full-height, dual-slot)",0,GK110,['GK110']
Kepler,2012-11-12,0,0,0,0,0,0,0.0,0,0,0,0.0,0,0,0.0,0,0,3935,1312,0,0,0,0,235,Yes,K20X GPU accelerator,1× GK110,0,GDDR5,6,—,2688,732,?,384,5200,250,No,3.5,"Internal PCIe GPU (full-height, dual-slot)",0,GK110,['GK110']
Kepler,2013-10-08,0,0,0,0,0,0,0.0,0,0,0,0.0,0,0,0.0,0,0,"4,291–5,040","1,430–1,680",0,0,0,0,235,Yes,K40 GPU accelerator,1× GK110B,0,GDDR5,12,—,2880,745,875,384,6000,288,No,3.5,"Internal PCIe GPU (full-height, dual-slot)",0,GK110B,['GK110B']
Kepler,2014-11-17,0,0,0,0,0,0,0.0,0,0,0,0.0,0,0,0.0,0,0,"5,591–8,736","1,864–2,912",0,0,0,0,300,Yes,K80 GPU accelerator,2× GK210,0,GDDR5,2× 12,—,4992,560,875,2× 384,5000,2× 240,No,3.7,"Internal PCIe GPU (full-height, dual-slot)",0,GK210,['GK210']
Maxwell,2015-11-10,0,0,0,0,0,0,0.0,0,0,0,0.0,0,0,0.0,0,0,"1,786–2,195",55.81–68.61,0,0,0,0,50–75,Yes,M4 GPU accelerator,1× GM206,0,GDDR5,4,—,1024,872,1072,128,5500,88,No,5.2,"Internal PCIe GPU (half-height, single-slot)",0,GM206,['GM206']
Maxwell,2015-08-30,0,0,0,0,0,0,0.0,0,0,0,0.0,0,0,0.0,0,0,"2,218–3,229",69.3–100.9,0,0,0,0,75–100,Yes,M6 GPU accelerator,1× GM204-995-A1,0,GDDR5,8,—,1536,722,1051,256,4600,147.2,No,5.2,Internal MXM GPU,0,GM204-995-A1,['GM204-995-A1']
Maxwell,1995-01-01,0,0,0,0,0,0,0.0,0,0,0,0.0,0,0,0.0,0,0,5289,165.3,0,0,0,0,225,Yes,M10 GPU accelerator,4× GM107,0,GDDR5,4× 8,—,2560,1033,?,4× 128,5188,4× 83,No,5.2,"Internal PCIe GPU (full-height, dual-slot)",0,GM107,['GM107']
Maxwell,2015-11-10,0,0,0,0,0,0,0.0,0,0,0,0.0,0,0,0.0,0,0,"5,825–6,844",182.0–213.9,0,0,0,0,250,Yes,M40 GPU accelerator,1× GM200,0,GDDR5,12 or 24,—,3072,948,1114,384,6000,288,No,5.2,"Internal PCIe GPU (full-height, dual-slot)",0,GM200,['GM200']
Maxwell,2015-08-30,0,0,0,0,0,0,0.0,0,0,0,0.0,0,0,0.0,0,0,"7,365–9,650",230.1–301.6,0,0,0,0,225–300,Yes,M60 GPU accelerator,2× GM204-895-A1,0,GDDR5,2× 8,—,4096,899,1178,2× 256,5000,2× 160,No,5.2,"Internal PCIe GPU (full-height, dual-slot)",0,GM204-895-A1,['GM204-895-A1']
Pascal,2016-09-13,0,0,0,0,0,0,0.0,0,0,0,0.0,0,0,0.0,0,0,"4,147–5,443",129.6–170.1,0,0,0,0,50-75,Yes,P4 GPU accelerator,1× GP104,0,GDDR5,8,—,2560,810,1063,256,6000,192.0,No,6.1,PCIe card,0,GP104,['GP104']
Pascal,2017-03-24,0,0,0,0,0,0,0.0,0,0,0,0.0,0,0,0.0,0,0,6169,192.8,0,0,0,0,90,Yes,P6 GPU accelerator,1× GP104-995-A1,0,GDDR5,16,—,2048,1012,1506,256,3003,192.2,No,6.1,MXM card,0,GP104-995-A1,['GP104-995-A1']
Pascal,2016-09-13,0,0,0,0,0,0,0.0,0,0,0,0.0,0,0,0.0,0,0,"10,007–11,758",312.7–367.4,0,0,0,0,250,Yes,P40 GPU accelerator,1× GP102,0,GDDR5,24,—,3840,1303,1531,384,7200,345.6,No,6.1,PCIe card,0,GP102,['GP102']
Pascal,2016-04-05,0,0,0,0,0,0,0.0,0,0,0,0.0,0,0,0.0,0,0,"9,519–10,609","4,760–5,304",0,0,0,0,300,Yes,P100 GPU accelerator (mezzanine),1× GP100-890-A1,0,HBM2,16,—,3584,1328,1480,4096,1430,732,No,6.0,SXM card,0,GP100-890-A1,['GP100-890-A1']
Pascal,2016-06-20,0,0,0,0,0,0,0.0,0,0,0,0.0,0,0,0.0,0,0,"8,071‒9,340","4,036‒4,670",0,0,0,0,250,Yes,P100 GPU accelerator (16 GB card),1× GP100,0,HBM2,16,—,3584,1126,1303,4096,1430,732,No,6.0,PCIe card,0,GP100,['GP100']
Pascal,2016-06-20,0,0,0,0,0,0,0.0,0,0,0,0.0,0,0,0.0,0,0,"8,071‒9,340","4,036‒4,670",0,0,0,0,250,Yes,P100 GPU accelerator (12 GB card),1× GP100,0,HBM2,12,—,3584,1126,1303,3072,1430,549,No,6.0,PCIe card,0,GP100,['GP100']
Volta,2017-05-10,0,0,0,0,0,0,0.0,0,0,0,0.0,0,0,0.0,0,0,14899,7450,0,0,0,0,300,Yes,V100 GPU accelerator (mezzanine),1× GV100-895-A1,0,HBM2,16 or 32,—,5120,Un­known,1455,4096,1750,900,119192,7.0,SXM card,0,GV100-895-A1,['GV100-895-A1']
Volta,2017-06-21,0,0,0,0,0,0,0.0,0,0,0,0.0,0,0,0.0,0,0,14028,7014,0,0,0,0,250,Yes,V100 GPU accelerator (PCIe card),1× GV100,0,HBM2,16 or 32,—,5120,Un­known,1370,4096,1750,900,112224,7.0,PCIe card,0,GV100,['GV100']
Volta,2018-03-27,0,0,0,0,0,0,0.0,0,0,0,0.0,0,0,0.0,0,0,13210,6605,0,0,0,0,250,Yes,V100 GPU accelerator (PCIe FHHL card),1× GV100,0,HBM2,16,—,5120,937,1290,4096,1620,829.44,105680,7.0,PCIe FHHL card,0,GV100,['GV100']
Turing,2018-09-12,0,0,0,0,0,0,0.0,0,0,0,0.0,0,0,0.0,0,0,8100,Un­known,0,0,0,0,70,Yes,T4 GPU accelerator (PCIe card),1× TU104-895-A1,0,GDDR6,16,—,2560,585,1590,256,5000,320,64800,7.5,PCIe card,0,TU104-895-A1,['TU104-895-A1']
Ampere,2021-11-10,0,0,0,0,0,0,0.0,0,0,0,0.0,0,0,0.0,0,0,4531,140,0,0,0,0,40-60,Yes,A2 GPU accelerator (PCIe card),1× GA107,0,GDDR6,16,—,1280,1440,1770,128,6252,200,18124,8.6,"PCIe card (half height, single-slot)",0,GA107,['GA107']
Ampere,2021-04-12,0,0,0,0,0,0,0.0,0,0,0,0.0,0,0,0.0,0,0,31240,976,0,0,0,0,150,Yes,A10 GPU accelerator (PCIe card),1× GA102-890-A1,0,GDDR6,24,—,9216,885,1695,384,6252,600,124960,8.6,PCIe card (single-slot),0,GA102-890-A1,['GA102-890-A1']
Ampere,2021-04-12,0,0,0,0,0,0,0.0,0,0,0,0.0,0,0,0.0,0,0,"4× 4,608",1084.8,0,0,0,0,250,Yes,A16 GPU accelerator (PCIe card),4× GA107,0,GDDR6,4× 16,—,"4× 1,280",885,1695,4× 128,7242,4× 200,"4x 18,432",8.6,PCIe card (dual-slot),0,GA107,['GA107']
Ampere,2021-04-12,0,0,0,0,0,0,0.0,0,0,0,0.0,0,0,0.0,0,0,10320,5161,0,0,0,0,165,Yes,A30 GPU accelerator (PCIe card),1× GA100,0,HBM2,24,—,3584,930,1440,3072,1215,933.1,165120,8.0,PCIe card (dual-slot),0,GA100,['GA100']
Ampere,2020-10-05,0,0,0,0,0,0,0.0,0,0,0,0.0,0,0,0.0,0,0,37420,1168,0,0,0,0,300,Yes,A40 GPU accelerator (PCIe card),1× GA102,0,GDDR6,48,—,10752,1305,1740,384,7248,695.8,149680,8.6,PCIe card (dual-slot),0,GA102,['GA102']
Ampere,2020-05-14,0,0,0,0,0,0,0.0,0,0,0,0.0,0,0,0.0,0,0,19500,9700,0,0,0,0,250,Yes,A100 GPU accelerator (PCIe card),1× GA100-883AA-A1,0,HBM2,40 or 80,—,6912,765,1410,5120,1215,1555,312000,8.0,PCIe card (dual-slot),0,GA100-883AA-A1,['GA100-883AA-A1']
Hopper,2022-03-22,0,0,0,0,0,0,0.0,0,0,0,0.0,0,0,0.0,0,0,51200,25600,0,0,0,0,350,Yes,H100 GPU accelerator (PCIe card),1× GH100,0,HBM2e,80,—,14592,1065,"1,755 CUDA 1620 TC",5120,1000,2039,756449,9.0,PCIe card (dual-slot),0,GH100,['GH100']
Hopper,2022-03-22,0,0,0,0,0,0,0.0,0,0,0,0.0,0,0,0.0,0,0,66900,33500,0,0,0,0,700,Yes,H100 GPU accelerator (SXM card),1× GH100,0,HBM3,80,—,16896,1065,"1,980 CUDA 1,830 TC",5120,1500,3352,989430,9.0,SXM card,0,GH100,['GH100']
Hopper,2023-08-08,0,0,0,0,0,0,0.0,0,0,0,0.0,0,0,0.0,0,0,66900,33500,0,0,0,0,450-1000,Yes,GH200 Superchip (SXM card),1× GH100 1x Arm Neoverse V2,0,HBM3e,96- 144,—,16896,1065,"1,980 CUDA 1,830 TC",6144,—,4900,989430,9.0,SXM card,0,GH100,"['GH100', '1x', 'Arm', 'Neoverse', 'V2']"
Ada Lovelace,2022-10-13,0,0,0,0,0,0,0.0,0,0,0,0.0,0,0,0.0,0,0,90516,1414,0,0,0,0,300,Yes,L40 GPU accelerator,1× AD102,0,GDDR6,48,—,18176,735,2490,384,2250,864,362066,8.9,PCIe card (dual-slot),0,AD102,['AD102']
Ada Lovelace,2023-03-21,0,0,0,0,0,0,0.0,0,0,0,0.0,0,0,0.0,0,0,30300,490,0,0,0,0,72,Yes,L4 GPU accelerator,1x AD104,0,GDDR6,24,—,7424,795,2040,192,1563,300,121000,8.9,HHHL single slot PCIe card,0,AD104,['AD104']
